{
  "metadata": {
    "name": "E2GXF",
    "type": "Excel to Graphviz Exchange Format",
    "version": "1.0",
    "user": "Jeffrey Long",
    "date": "2025-08-27",
    "time": "16:57:42",
    "os": "Windows (64-bit) NT 10.00",
    "excel": "16.0",
    "filename": "Relationship Visualizer WMOld.xlsm"
  },
  "content": {
    "data": [
      {
        "row": 2,
        "hidden": false,
        "height": 15,
        "item": "node",
        "styleName": "Circle"
      },
      {
        "row": 3,
        "hidden": false,
        "height": 15,
        "item": "{",
        "label": "USA",
        "styleName": "Border 1 Begin"
      },
      {
        "row": 4,
        "hidden": false,
        "height": 15,
        "item": "{",
        "label": "Northeast",
        "styleName": "Border 3 Begin"
      },
      {
        "row": 5,
        "hidden": false,
        "height": 15,
        "item": "CT",
        "label": "CT",
        "outsideLabel": "Connecticut"
      },
      {
        "row": 6,
        "hidden": false,
        "height": 15,
        "item": "MA",
        "label": "MA",
        "outsideLabel": "Massachusetts"
      },
      {
        "row": 7,
        "hidden": false,
        "height": 15,
        "item": "ME",
        "label": "ME",
        "outsideLabel": "Maine"
      },
      {
        "row": 8,
        "hidden": false,
        "height": 15,
        "item": "NH",
        "label": "NH",
        "outsideLabel": "New Hampshire"
      },
      {
        "row": 9,
        "hidden": false,
        "height": 15,
        "item": "NJ",
        "label": "NJ",
        "outsideLabel": "New Jersey"
      },
      {
        "row": 10,
        "hidden": false,
        "height": 15,
        "item": "NY",
        "label": "NY",
        "outsideLabel": "New York"
      },
      {
        "row": 11,
        "hidden": false,
        "height": 15,
        "item": "PA",
        "label": "PA",
        "outsideLabel": "Pennsylvania"
      },
      {
        "row": 12,
        "hidden": false,
        "height": 15,
        "item": "RI",
        "label": "RI",
        "outsideLabel": "Rhode Island"
      },
      {
        "row": 13,
        "hidden": false,
        "height": 15,
        "item": "VT",
        "label": "VT",
        "outsideLabel": "Vermont"
      },
      {
        "row": 14,
        "hidden": false,
        "height": 15,
        "item": "}"
      },
      {
        "row": 15,
        "hidden": false,
        "height": 15,
        "item": "{",
        "label": "South",
        "styleName": "Border 3 Begin"
      },
      {
        "row": 16,
        "hidden": false,
        "height": 15,
        "item": "AL",
        "label": "AL",
        "outsideLabel": "Alabama"
      },
      {
        "row": 17,
        "hidden": false,
        "height": 15,
        "item": "AR",
        "label": "AR",
        "outsideLabel": "Arkansas"
      },
      {
        "row": 18,
        "hidden": false,
        "height": 15,
        "item": "DC",
        "label": "DC",
        "outsideLabel": "District of Columbia"
      },
      {
        "row": 19,
        "hidden": false,
        "height": 15,
        "item": "DE",
        "label": "DE",
        "outsideLabel": "Delaware"
      },
      {
        "row": 20,
        "hidden": false,
        "height": 15,
        "item": "FL",
        "label": "FL",
        "outsideLabel": "Florida"
      },
      {
        "row": 21,
        "hidden": false,
        "height": 15,
        "item": "GA",
        "label": "GA",
        "outsideLabel": "Georgia"
      },
      {
        "row": 22,
        "hidden": false,
        "height": 15,
        "item": "KY",
        "label": "KY",
        "outsideLabel": "Kentucky"
      },
      {
        "row": 23,
        "hidden": false,
        "height": 15,
        "item": "LA",
        "label": "LA",
        "outsideLabel": "Louisiana"
      },
      {
        "row": 24,
        "hidden": false,
        "height": 15,
        "item": "MD",
        "label": "MD",
        "outsideLabel": "Maryland"
      },
      {
        "row": 25,
        "hidden": false,
        "height": 15,
        "item": "MS",
        "label": "MS",
        "outsideLabel": "Mississippi"
      },
      {
        "row": 26,
        "hidden": false,
        "height": 15,
        "item": "NC",
        "label": "NC",
        "outsideLabel": "North Carolina"
      },
      {
        "row": 27,
        "hidden": false,
        "height": 15,
        "item": "OK",
        "label": "OK",
        "outsideLabel": "Oklahoma"
      },
      {
        "row": 28,
        "hidden": false,
        "height": 15,
        "item": "SC",
        "label": "SC",
        "outsideLabel": "South Carolina"
      },
      {
        "row": 29,
        "hidden": false,
        "height": 15,
        "item": "TN",
        "label": "TN",
        "outsideLabel": "Tennessee"
      },
      {
        "row": 30,
        "hidden": false,
        "height": 15,
        "item": "TX",
        "label": "TX",
        "outsideLabel": "Texas"
      },
      {
        "row": 31,
        "hidden": false,
        "height": 15,
        "item": "VA",
        "label": "VA",
        "outsideLabel": "Virginia"
      },
      {
        "row": 32,
        "hidden": false,
        "height": 15,
        "item": "WV",
        "label": "WV",
        "outsideLabel": "West Virginia"
      },
      {
        "row": 33,
        "hidden": false,
        "height": 15,
        "item": "}"
      },
      {
        "row": 34,
        "hidden": false,
        "height": 15,
        "item": "{",
        "label": "Midwest",
        "styleName": "Border 3 Begin"
      },
      {
        "row": 35,
        "hidden": false,
        "height": 15,
        "item": "IA",
        "label": "IA",
        "outsideLabel": "Iowa"
      },
      {
        "row": 36,
        "hidden": false,
        "height": 15,
        "item": "IL",
        "label": "IL",
        "outsideLabel": "Illinois"
      },
      {
        "row": 37,
        "hidden": false,
        "height": 15,
        "item": "IN",
        "label": "IN",
        "outsideLabel": "Indiana"
      },
      {
        "row": 38,
        "hidden": false,
        "height": 15,
        "item": "KS",
        "label": "KS",
        "outsideLabel": "Kansas"
      },
      {
        "row": 39,
        "hidden": false,
        "height": 15,
        "item": "MI",
        "label": "MI",
        "outsideLabel": "Michigan"
      },
      {
        "row": 40,
        "hidden": false,
        "height": 15,
        "item": "MN",
        "label": "MN",
        "outsideLabel": "Minnesota"
      },
      {
        "row": 41,
        "hidden": false,
        "height": 15,
        "item": "MO",
        "label": "MO",
        "outsideLabel": "Missouri"
      },
      {
        "row": 42,
        "hidden": false,
        "height": 15,
        "item": "ND",
        "label": "ND",
        "outsideLabel": "North Dakota"
      },
      {
        "row": 43,
        "hidden": false,
        "height": 15,
        "item": "NE",
        "label": "NE",
        "outsideLabel": "Nebraska"
      },
      {
        "row": 44,
        "hidden": false,
        "height": 15,
        "item": "OH",
        "label": "OH",
        "outsideLabel": "Ohio"
      },
      {
        "row": 45,
        "hidden": false,
        "height": 15,
        "item": "SD",
        "label": "SD",
        "outsideLabel": "South Dakota"
      },
      {
        "row": 46,
        "hidden": false,
        "height": 15,
        "item": "WI",
        "label": "WI",
        "outsideLabel": "Wisconsin"
      },
      {
        "row": 47,
        "hidden": false,
        "height": 15,
        "item": "}"
      },
      {
        "row": 48,
        "hidden": false,
        "height": 15,
        "item": "{",
        "label": "West",
        "styleName": "Border 3 Begin"
      },
      {
        "row": 49,
        "hidden": false,
        "height": 15,
        "item": "AK",
        "label": "AK",
        "outsideLabel": "Alaska"
      },
      {
        "row": 50,
        "hidden": false,
        "height": 15,
        "item": "AZ",
        "label": "AZ",
        "outsideLabel": "Arizona"
      },
      {
        "row": 51,
        "hidden": false,
        "height": 15,
        "item": "CA",
        "label": "CA",
        "outsideLabel": "California"
      },
      {
        "row": 52,
        "hidden": false,
        "height": 15,
        "item": "CO",
        "label": "CO",
        "outsideLabel": "Colorado"
      },
      {
        "row": 53,
        "hidden": false,
        "height": 15,
        "item": "HI",
        "label": "HI",
        "outsideLabel": "Hawaii"
      },
      {
        "row": 54,
        "hidden": false,
        "height": 15,
        "item": "ID",
        "label": "ID",
        "outsideLabel": "Idaho"
      },
      {
        "row": 55,
        "hidden": false,
        "height": 15,
        "item": "MT",
        "label": "MT",
        "outsideLabel": "Montana"
      },
      {
        "row": 56,
        "hidden": false,
        "height": 15,
        "item": "NM",
        "label": "NM",
        "outsideLabel": "New Mexico"
      },
      {
        "row": 57,
        "hidden": false,
        "height": 15,
        "item": "NV",
        "label": "NV",
        "outsideLabel": "Nevada"
      },
      {
        "row": 58,
        "hidden": false,
        "height": 15,
        "item": "OR",
        "label": "OR",
        "outsideLabel": "Oregon"
      },
      {
        "row": 59,
        "hidden": false,
        "height": 15,
        "item": "UT",
        "label": "UT",
        "outsideLabel": "Utah"
      },
      {
        "row": 60,
        "hidden": false,
        "height": 15,
        "item": "WA",
        "label": "WA",
        "outsideLabel": "Washington"
      },
      {
        "row": 61,
        "hidden": false,
        "height": 15,
        "item": "WY",
        "label": "WY",
        "outsideLabel": "Wyoming"
      },
      {
        "row": 62,
        "hidden": false,
        "height": 15,
        "item": "}"
      },
      {
        "row": 63,
        "hidden": false,
        "height": 15,
        "item": "AK",
        "relatedItem": "WA"
      },
      {
        "row": 64,
        "hidden": false,
        "height": 15,
        "item": "AL",
        "relatedItem": "FL"
      },
      {
        "row": 65,
        "hidden": false,
        "height": 15,
        "item": "AL",
        "relatedItem": "GA"
      },
      {
        "row": 66,
        "hidden": false,
        "height": 15,
        "item": "AL",
        "relatedItem": "MS"
      },
      {
        "row": 67,
        "hidden": false,
        "height": 15,
        "item": "AL",
        "relatedItem": "TN"
      },
      {
        "row": 68,
        "hidden": false,
        "height": 15,
        "item": "AR",
        "relatedItem": "LA"
      },
      {
        "row": 69,
        "hidden": false,
        "height": 15,
        "item": "AR",
        "relatedItem": "MO"
      },
      {
        "row": 70,
        "hidden": false,
        "height": 15,
        "item": "AR",
        "relatedItem": "MS"
      },
      {
        "row": 71,
        "hidden": false,
        "height": 15,
        "item": "AR",
        "relatedItem": "OK"
      },
      {
        "row": 72,
        "hidden": false,
        "height": 15,
        "item": "AR",
        "relatedItem": "TN"
      },
      {
        "row": 73,
        "hidden": false,
        "height": 15,
        "item": "AR",
        "relatedItem": "TX"
      },
      {
        "row": 74,
        "hidden": false,
        "height": 15,
        "item": "AZ",
        "relatedItem": "CA"
      },
      {
        "row": 75,
        "hidden": false,
        "height": 15,
        "item": "AZ",
        "relatedItem": "CO"
      },
      {
        "row": 76,
        "hidden": false,
        "height": 15,
        "item": "AZ",
        "relatedItem": "NM"
      },
      {
        "row": 77,
        "hidden": false,
        "height": 15,
        "item": "AZ",
        "relatedItem": "NV"
      },
      {
        "row": 78,
        "hidden": false,
        "height": 15,
        "item": "AZ",
        "relatedItem": "UT"
      },
      {
        "row": 79,
        "hidden": false,
        "height": 15,
        "item": "CA",
        "relatedItem": "HI"
      },
      {
        "row": 80,
        "hidden": false,
        "height": 15,
        "item": "CA",
        "relatedItem": "NV"
      },
      {
        "row": 81,
        "hidden": false,
        "height": 15,
        "item": "CA",
        "relatedItem": "OR"
      },
      {
        "row": 82,
        "hidden": false,
        "height": 15,
        "item": "CO",
        "relatedItem": "KS"
      },
      {
        "row": 83,
        "hidden": false,
        "height": 15,
        "item": "CO",
        "relatedItem": "NE"
      },
      {
        "row": 84,
        "hidden": false,
        "height": 15,
        "item": "CO",
        "relatedItem": "NM"
      },
      {
        "row": 85,
        "hidden": false,
        "height": 15,
        "item": "CO",
        "relatedItem": "OK"
      },
      {
        "row": 86,
        "hidden": false,
        "height": 15,
        "item": "CO",
        "relatedItem": "UT"
      },
      {
        "row": 87,
        "hidden": false,
        "height": 15,
        "item": "CO",
        "relatedItem": "WY"
      },
      {
        "row": 88,
        "hidden": false,
        "height": 15,
        "item": "CT",
        "relatedItem": "MA"
      },
      {
        "row": 89,
        "hidden": false,
        "height": 15,
        "item": "CT",
        "relatedItem": "NY"
      },
      {
        "row": 90,
        "hidden": false,
        "height": 15,
        "item": "CT",
        "relatedItem": "RI"
      },
      {
        "row": 91,
        "hidden": false,
        "height": 15,
        "item": "DC",
        "relatedItem": "MD"
      },
      {
        "row": 92,
        "hidden": false,
        "height": 15,
        "item": "DC",
        "relatedItem": "VA"
      },
      {
        "row": 93,
        "hidden": false,
        "height": 15,
        "item": "DE",
        "relatedItem": "MD"
      },
      {
        "row": 94,
        "hidden": false,
        "height": 15,
        "item": "DE",
        "relatedItem": "NJ"
      },
      {
        "row": 95,
        "hidden": false,
        "height": 15,
        "item": "DE",
        "relatedItem": "PA"
      },
      {
        "row": 96,
        "hidden": false,
        "height": 15,
        "item": "FL",
        "relatedItem": "GA"
      },
      {
        "row": 97,
        "hidden": false,
        "height": 15,
        "item": "GA",
        "relatedItem": "NC"
      },
      {
        "row": 98,
        "hidden": false,
        "height": 15,
        "item": "GA",
        "relatedItem": "SC"
      },
      {
        "row": 99,
        "hidden": false,
        "height": 15,
        "item": "GA",
        "relatedItem": "TN"
      },
      {
        "row": 100,
        "hidden": false,
        "height": 15,
        "item": "IA",
        "relatedItem": "IL"
      },
      {
        "row": 101,
        "hidden": false,
        "height": 15,
        "item": "IA",
        "relatedItem": "MN"
      },
      {
        "row": 102,
        "hidden": false,
        "height": 15,
        "item": "IA",
        "relatedItem": "MO"
      },
      {
        "row": 103,
        "hidden": false,
        "height": 15,
        "item": "IA",
        "relatedItem": "NE"
      },
      {
        "row": 104,
        "hidden": false,
        "height": 15,
        "item": "IA",
        "relatedItem": "SD"
      },
      {
        "row": 105,
        "hidden": false,
        "height": 15,
        "item": "IA",
        "relatedItem": "WI"
      },
      {
        "row": 106,
        "hidden": false,
        "height": 15,
        "item": "ID",
        "relatedItem": "MT"
      },
      {
        "row": 107,
        "hidden": false,
        "height": 15,
        "item": "ID",
        "relatedItem": "NV"
      },
      {
        "row": 108,
        "hidden": false,
        "height": 15,
        "item": "ID",
        "relatedItem": "OR"
      },
      {
        "row": 109,
        "hidden": false,
        "height": 15,
        "item": "ID",
        "relatedItem": "UT"
      },
      {
        "row": 110,
        "hidden": false,
        "height": 15,
        "item": "ID",
        "relatedItem": "WA"
      },
      {
        "row": 111,
        "hidden": false,
        "height": 15,
        "item": "ID",
        "relatedItem": "WY"
      },
      {
        "row": 112,
        "hidden": false,
        "height": 15,
        "item": "IL",
        "relatedItem": "IN"
      },
      {
        "row": 113,
        "hidden": false,
        "height": 15,
        "item": "IL",
        "relatedItem": "KY"
      },
      {
        "row": 114,
        "hidden": false,
        "height": 15,
        "item": "IL",
        "relatedItem": "MO"
      },
      {
        "row": 115,
        "hidden": false,
        "height": 15,
        "item": "IL",
        "relatedItem": "WI"
      },
      {
        "row": 116,
        "hidden": false,
        "height": 15,
        "item": "IN",
        "relatedItem": "KY"
      },
      {
        "row": 117,
        "hidden": false,
        "height": 15,
        "item": "IN",
        "relatedItem": "MI"
      },
      {
        "row": 118,
        "hidden": false,
        "height": 15,
        "item": "IN",
        "relatedItem": "OH"
      },
      {
        "row": 119,
        "hidden": false,
        "height": 15,
        "item": "KS",
        "relatedItem": "MO"
      },
      {
        "row": 120,
        "hidden": false,
        "height": 15,
        "item": "KS",
        "relatedItem": "NE"
      },
      {
        "row": 121,
        "hidden": false,
        "height": 15,
        "item": "KS",
        "relatedItem": "OK"
      },
      {
        "row": 122,
        "hidden": false,
        "height": 15,
        "item": "KY",
        "relatedItem": "MO"
      },
      {
        "row": 123,
        "hidden": false,
        "height": 15,
        "item": "KY",
        "relatedItem": "OH"
      },
      {
        "row": 124,
        "hidden": false,
        "height": 15,
        "item": "KY",
        "relatedItem": "TN"
      },
      {
        "row": 125,
        "hidden": false,
        "height": 15,
        "item": "KY",
        "relatedItem": "VA"
      },
      {
        "row": 126,
        "hidden": false,
        "height": 15,
        "item": "KY",
        "relatedItem": "WV"
      },
      {
        "row": 127,
        "hidden": false,
        "height": 15,
        "item": "LA",
        "relatedItem": "MS"
      },
      {
        "row": 128,
        "hidden": false,
        "height": 15,
        "item": "LA",
        "relatedItem": "TX"
      },
      {
        "row": 129,
        "hidden": false,
        "height": 15,
        "item": "MA",
        "relatedItem": "NH"
      },
      {
        "row": 130,
        "hidden": false,
        "height": 15,
        "item": "MA",
        "relatedItem": "NY"
      },
      {
        "row": 131,
        "hidden": false,
        "height": 15,
        "item": "MA",
        "relatedItem": "RI"
      },
      {
        "row": 132,
        "hidden": false,
        "height": 15,
        "item": "MA",
        "relatedItem": "VT"
      },
      {
        "row": 133,
        "hidden": false,
        "height": 15,
        "item": "MD",
        "relatedItem": "PA"
      },
      {
        "row": 134,
        "hidden": false,
        "height": 15,
        "item": "MD",
        "relatedItem": "VA"
      },
      {
        "row": 135,
        "hidden": false,
        "height": 15,
        "item": "MD",
        "relatedItem": "WV"
      },
      {
        "row": 136,
        "hidden": false,
        "height": 15,
        "item": "ME",
        "relatedItem": "NH"
      },
      {
        "row": 137,
        "hidden": false,
        "height": 15,
        "item": "MI",
        "relatedItem": "OH"
      },
      {
        "row": 138,
        "hidden": false,
        "height": 15,
        "item": "MI",
        "relatedItem": "WI"
      },
      {
        "row": 139,
        "hidden": false,
        "height": 15,
        "item": "MN",
        "relatedItem": "ND"
      },
      {
        "row": 140,
        "hidden": false,
        "height": 15,
        "item": "MN",
        "relatedItem": "SD"
      },
      {
        "row": 141,
        "hidden": false,
        "height": 15,
        "item": "MN",
        "relatedItem": "WI"
      },
      {
        "row": 142,
        "hidden": false,
        "height": 15,
        "item": "MO",
        "relatedItem": "NE"
      },
      {
        "row": 143,
        "hidden": false,
        "height": 15,
        "item": "MO",
        "relatedItem": "OK"
      },
      {
        "row": 144,
        "hidden": false,
        "height": 15,
        "item": "MO",
        "relatedItem": "TN"
      },
      {
        "row": 145,
        "hidden": false,
        "height": 15,
        "item": "MS",
        "relatedItem": "TN"
      },
      {
        "row": 146,
        "hidden": false,
        "height": 15,
        "item": "MT",
        "relatedItem": "ND"
      },
      {
        "row": 147,
        "hidden": false,
        "height": 15,
        "item": "MT",
        "relatedItem": "SD"
      },
      {
        "row": 148,
        "hidden": false,
        "height": 15,
        "item": "MT",
        "relatedItem": "WY"
      },
      {
        "row": 149,
        "hidden": false,
        "height": 15,
        "item": "NC",
        "relatedItem": "SC"
      },
      {
        "row": 150,
        "hidden": false,
        "height": 15,
        "item": "NC",
        "relatedItem": "TN"
      },
      {
        "row": 151,
        "hidden": false,
        "height": 15,
        "item": "NC",
        "relatedItem": "VA"
      },
      {
        "row": 152,
        "hidden": false,
        "height": 15,
        "item": "ND",
        "relatedItem": "SD"
      },
      {
        "row": 153,
        "hidden": false,
        "height": 15,
        "item": "NE",
        "relatedItem": "SD"
      },
      {
        "row": 154,
        "hidden": false,
        "height": 15,
        "item": "NE",
        "relatedItem": "WY"
      },
      {
        "row": 155,
        "hidden": false,
        "height": 15,
        "item": "NH",
        "relatedItem": "VT"
      },
      {
        "row": 156,
        "hidden": false,
        "height": 15,
        "item": "NJ",
        "relatedItem": "NY"
      },
      {
        "row": 157,
        "hidden": false,
        "height": 15,
        "item": "NJ",
        "relatedItem": "PA"
      },
      {
        "row": 158,
        "hidden": false,
        "height": 15,
        "item": "NM",
        "relatedItem": "OK"
      },
      {
        "row": 159,
        "hidden": false,
        "height": 15,
        "item": "NM",
        "relatedItem": "TX"
      },
      {
        "row": 160,
        "hidden": false,
        "height": 15,
        "item": "NM",
        "relatedItem": "UT"
      },
      {
        "row": 161,
        "hidden": false,
        "height": 15,
        "item": "NV",
        "relatedItem": "OR"
      },
      {
        "row": 162,
        "hidden": false,
        "height": 15,
        "item": "NV",
        "relatedItem": "UT"
      },
      {
        "row": 163,
        "hidden": false,
        "height": 15,
        "item": "NY",
        "relatedItem": "PA"
      },
      {
        "row": 164,
        "hidden": false,
        "height": 15,
        "item": "NY",
        "relatedItem": "VT"
      },
      {
        "row": 165,
        "hidden": false,
        "height": 15,
        "item": "OH",
        "relatedItem": "PA"
      },
      {
        "row": 166,
        "hidden": false,
        "height": 15,
        "item": "OH",
        "relatedItem": "WV"
      },
      {
        "row": 167,
        "hidden": false,
        "height": 15,
        "item": "OK",
        "relatedItem": "TX"
      },
      {
        "row": 168,
        "hidden": false,
        "height": 15,
        "item": "OR",
        "relatedItem": "WA"
      },
      {
        "row": 169,
        "hidden": false,
        "height": 15,
        "item": "PA",
        "relatedItem": "WV"
      },
      {
        "row": 170,
        "hidden": false,
        "height": 15,
        "item": "SD",
        "relatedItem": "WY"
      },
      {
        "row": 171,
        "hidden": false,
        "height": 15,
        "item": "TN",
        "relatedItem": "VA"
      },
      {
        "row": 172,
        "hidden": false,
        "height": 15,
        "item": "UT",
        "relatedItem": "WY"
      },
      {
        "row": 173,
        "hidden": false,
        "height": 15,
        "item": "VA",
        "relatedItem": "WV"
      },
      {
        "row": 174,
        "hidden": false,
        "height": 15,
        "item": "}"
      }
    ],
    "styles": [
      {
        "row": 2,
        "hidden": false,
        "height": 43.5,
        "name": "node",
        "type": "node",
        "viewSwitches": [
          "yes",
          "yes"
        ]
      },
      {
        "row": 3,
        "hidden": false,
        "height": 25.5,
        "name": "edge",
        "type": "edge",
        "viewSwitches": [
          "yes",
          "yes"
        ]
      },
      {
        "row": 4,
        "hidden": false,
        "height": 99.75,
        "name": "subgraph-open",
        "type": "subgraph-open",
        "viewSwitches": [
          "yes",
          "no"
        ]
      },
      {
        "row": 5,
        "hidden": false,
        "height": 15,
        "name": "subgraph-close",
        "type": "subgraph-close",
        "viewSwitches": [
          "yes",
          "no"
        ]
      },
      {
        "row": 6,
        "hidden": false,
        "height": 15,
        "name": "keyword",
        "type": "keyword",
        "viewSwitches": [
          "yes",
          "yes"
        ]
      },
      {
        "row": 7,
        "hidden": false,
        "height": 15,
        "name": "native",
        "type": "native",
        "viewSwitches": [
          "yes",
          "yes"
        ]
      },
      {
        "row": 8,
        "hidden": false,
        "height": 123.75,
        "name": "Border 0 Begin",
        "type": "subgraph-open",
        "format": {
          "penwidth": "2",
          "fontname": "Calibri Bold",
          "fontsize": "16",
          "margin": "18"
        },
        "viewSwitches": [
          "yes",
          "no"
        ]
      },
      {
        "row": 9,
        "hidden": false,
        "height": 15,
        "name": "Border 0 End",
        "type": "subgraph-close",
        "viewSwitches": [
          "yes",
          "no"
        ]
      },
      {
        "row": 10,
        "hidden": false,
        "height": 117.75,
        "name": "Border 1 Begin",
        "type": "subgraph-open",
        "format": {
          "penwidth": "1",
          "colorscheme": "pastel16",
          "fillcolor": "6",
          "fontname": "Calibri Bold",
          "fontsize": "12",
          "style": "filled",
          "margin": "18"
        },
        "viewSwitches": [
          "yes",
          "no"
        ]
      },
      {
        "row": 11,
        "hidden": false,
        "height": 15,
        "name": "Border 1 End",
        "type": "subgraph-close",
        "viewSwitches": [
          "yes",
          "no"
        ]
      },
      {
        "row": 12,
        "hidden": false,
        "height": 117.75,
        "name": "Border 2 Begin",
        "type": "subgraph-open",
        "format": {
          "penwidth": "1",
          "colorscheme": "pastel16",
          "fillcolor": "5",
          "fontname": "Calibri Bold",
          "fontsize": "12",
          "style": "filled",
          "margin": "18"
        },
        "viewSwitches": [
          "yes",
          "no"
        ]
      },
      {
        "row": 13,
        "hidden": false,
        "height": 15,
        "name": "Border 2 End",
        "type": "subgraph-close",
        "viewSwitches": [
          "yes",
          "no"
        ]
      },
      {
        "row": 14,
        "hidden": false,
        "height": 117.75,
        "name": "Border 3 Begin",
        "type": "subgraph-open",
        "format": {
          "penwidth": "1",
          "colorscheme": "pastel16",
          "fillcolor": "4",
          "fontname": "Calibri Bold",
          "fontsize": "12",
          "style": "filled",
          "margin": "18"
        },
        "viewSwitches": [
          "yes",
          "no"
        ]
      },
      {
        "row": 15,
        "hidden": false,
        "height": 15,
        "name": "Border 3 End",
        "type": "subgraph-close",
        "viewSwitches": [
          "yes",
          "no"
        ]
      },
      {
        "row": 16,
        "hidden": false,
        "height": 117.75,
        "name": "Border 4 Begin",
        "type": "subgraph-open",
        "format": {
          "penwidth": "1",
          "colorscheme": "pastel16",
          "fillcolor": "3",
          "fontname": "Calibri Bold",
          "fontsize": "12",
          "style": "filled",
          "margin": "18"
        },
        "viewSwitches": [
          "yes",
          "no"
        ]
      },
      {
        "row": 17,
        "hidden": false,
        "height": 15,
        "name": "Border 4 End",
        "type": "subgraph-close",
        "viewSwitches": [
          "yes",
          "no"
        ]
      },
      {
        "row": 18,
        "hidden": false,
        "height": 117.75,
        "name": "Border 5 Begin",
        "type": "subgraph-open",
        "format": {
          "penwidth": "1",
          "colorscheme": "pastel16",
          "fillcolor": "2",
          "fontname": "Calibri Bold",
          "fontsize": "12",
          "style": "filled",
          "margin": "18"
        },
        "viewSwitches": [
          "yes",
          "no"
        ]
      },
      {
        "row": 19,
        "hidden": false,
        "height": 15,
        "name": "Border 5 End",
        "type": "subgraph-close",
        "viewSwitches": [
          "yes",
          "no"
        ]
      },
      {
        "row": 20,
        "hidden": false,
        "height": 61.5,
        "name": "Component",
        "type": "node",
        "format": {
          "shape": "component",
          "height": "0.75",
          "width": "1.25",
          "fixedsize": "True",
          "fillcolor": "White",
          "fontname": "Calibri",
          "fontsize": "10",
          "style": "filled"
        },
        "viewSwitches": [
          "yes",
          "yes"
        ]
      },
      {
        "row": 21,
        "hidden": false,
        "height": 61.5,
        "name": "Decision",
        "type": "node",
        "format": {
          "shape": "diamond",
          "height": "0.75",
          "width": "1.25",
          "fixedsize": "True",
          "fillcolor": "White",
          "fontname": "Calibri",
          "fontsize": "10",
          "style": "filled"
        },
        "viewSwitches": [
          "yes",
          "yes"
        ]
      },
      {
        "row": 22,
        "hidden": false,
        "height": 45,
        "name": "Event",
        "type": "node",
        "format": {
          "shape": "rectangle",
          "height": "0.375",
          "width": "1.25",
          "fixedsize": "True",
          "fillcolor": "White",
          "fontname": "Calibri",
          "fontsize": "10",
          "style": "rounded,filled"
        },
        "viewSwitches": [
          "yes",
          "yes"
        ]
      },
      {
        "row": 23,
        "hidden": false,
        "height": 61.5,
        "name": "Extract",
        "type": "node",
        "format": {
          "shape": "triangle",
          "height": "0.75",
          "width": "1.25",
          "fixedsize": "True",
          "fillcolor": "White",
          "fontname": "Calibri",
          "fontsize": "10",
          "style": "filled"
        },
        "viewSwitches": [
          "yes",
          "yes"
        ]
      },
      {
        "row": 24,
        "hidden": false,
        "height": 61.5,
        "name": "File",
        "type": "node",
        "format": {
          "shape": "note",
          "height": "0.75",
          "width": "0.5",
          "fixedsize": "True",
          "fillcolor": "White",
          "fontname": "Calibri",
          "fontsize": "10",
          "style": "filled"
        },
        "viewSwitches": [
          "yes",
          "yes"
        ]
      },
      {
        "row": 25,
        "hidden": false,
        "height": 45,
        "name": "Folder",
        "type": "node",
        "format": {
          "shape": "folder",
          "height": "0.5",
          "width": "0.75",
          "fixedsize": "True",
          "fillcolor": "White",
          "fontname": "Calibri",
          "fontsize": "10",
          "style": "filled"
        },
        "viewSwitches": [
          "yes",
          "yes"
        ]
      },
      {
        "row": 26,
        "hidden": false,
        "height": 21,
        "name": "Flow",
        "type": "edge",
        "format": {
          "fontname": "Calibri",
          "fontsize": "10"
        },
        "viewSwitches": [
          "yes",
          "yes"
        ]
      },
      {
        "row": 27,
        "hidden": false,
        "height": 30,
        "name": "Flow - Dotted",
        "type": "edge",
        "format": {
          "fontname": "Calibri",
          "fontsize": "10",
          "weight": "100",
          "decorate": "false",
          "style": "dotted",
          "arrowsize": "0.5"
        },
        "viewSwitches": [
          "yes",
          "yes"
        ]
      },
      {
        "row": 28,
        "hidden": false,
        "height": 30,
        "name": "Flow - Negative",
        "type": "edge",
        "format": {
          "fontname": "Calibri",
          "fontsize": "10",
          "weight": "100",
          "decorate": "false",
          "color": "red",
          "fontcolor": "red"
        },
        "viewSwitches": [
          "yes",
          "yes"
        ]
      },
      {
        "row": 29,
        "hidden": false,
        "height": 30,
        "name": "Flow - Positive",
        "type": "edge",
        "format": {
          "fontname": "Calibri",
          "fontsize": "10",
          "weight": "100",
          "decorate": "false",
          "color": "darkgreen",
          "fontcolor": "darkgreen"
        },
        "viewSwitches": [
          "yes",
          "yes"
        ]
      },
      {
        "row": 30,
        "hidden": false,
        "height": 61.5,
        "name": "Input",
        "type": "node",
        "format": {
          "shape": "parallelogram",
          "height": "0.75",
          "width": "1.25",
          "fixedsize": "True",
          "fillcolor": "White",
          "fontname": "Calibri",
          "fontsize": "10",
          "style": "filled"
        },
        "viewSwitches": [
          "yes",
          "yes"
        ]
      },
      {
        "row": 31,
        "hidden": false,
        "height": 25.5,
        "name": "Invisible Edge",
        "type": "edge",
        "format": {
          "style": "invis",
          "color": "Invis"
        },
        "viewSwitches": [
          "yes",
          "yes"
        ]
      },
      {
        "row": 32,
        "hidden": false,
        "height": 19.5,
        "name": "Invisible Point",
        "type": "node",
        "format": {
          "shape": "point",
          "fillcolor": "Invis",
          "color": "Invis",
          "style": "filled"
        },
        "viewSwitches": [
          "yes",
          "yes"
        ]
      },
      {
        "row": 33,
        "hidden": false,
        "height": 61.5,
        "name": "Manual Operation",
        "type": "node",
        "format": {
          "shape": "invtrapezium",
          "height": "0.75",
          "width": "1.25",
          "fixedsize": "True",
          "fillcolor": "White",
          "fontname": "Calibri",
          "fontsize": "10",
          "style": "filled"
        },
        "viewSwitches": [
          "yes",
          "yes"
        ]
      },
      {
        "row": 34,
        "hidden": false,
        "height": 61.5,
        "name": "Merge",
        "type": "node",
        "format": {
          "shape": "invtriangle",
          "height": "0.75",
          "width": "1.25",
          "fixedsize": "True",
          "fillcolor": "White",
          "fontname": "Calibri",
          "fontsize": "10",
          "style": "filled"
        },
        "viewSwitches": [
          "yes",
          "yes"
        ]
      },
      {
        "row": 35,
        "hidden": false,
        "height": 52.5,
        "name": "Off Page Reference",
        "type": "node",
        "format": {
          "shape": "invhouse",
          "height": "0.625",
          "width": "0.625",
          "fixedsize": "True",
          "fillcolor": "White",
          "fontname": "Calibri",
          "fontsize": "10",
          "style": "filled"
        },
        "viewSwitches": [
          "yes",
          "yes"
        ]
      },
      {
        "row": 36,
        "hidden": false,
        "height": 52.5,
        "name": "On Page Reference",
        "type": "node",
        "format": {
          "shape": "circle",
          "height": "0.625",
          "width": "0.625",
          "fixedsize": "True",
          "fillcolor": "White",
          "fontname": "Calibri",
          "fontsize": "10",
          "style": "filled"
        },
        "viewSwitches": [
          "yes",
          "yes"
        ]
      },
      {
        "row": 37,
        "hidden": false,
        "height": 61.5,
        "name": "Output",
        "type": "node",
        "format": {
          "shape": "parallelogram",
          "height": "0.75",
          "width": "1.25",
          "fixedsize": "True",
          "fillcolor": "White",
          "fontname": "Calibri",
          "fontsize": "10",
          "style": "filled"
        },
        "viewSwitches": [
          "yes",
          "yes"
        ]
      },
      {
        "row": 38,
        "hidden": false,
        "height": 19.5,
        "name": "Point",
        "type": "node",
        "format": {
          "shape": "point"
        },
        "viewSwitches": [
          "yes",
          "yes"
        ]
      },
      {
        "row": 39,
        "hidden": false,
        "height": 61.5,
        "name": "Predefined Process",
        "type": "node",
        "format": {
          "shape": "rectangle",
          "height": "0.75",
          "width": "1.25",
          "fixedsize": "True",
          "fillcolor": "White",
          "fontname": "Calibri",
          "fontsize": "10",
          "style": "diagonals,filled"
        },
        "viewSwitches": [
          "yes",
          "yes"
        ]
      },
      {
        "row": 40,
        "hidden": false,
        "height": 61.5,
        "name": "Preparation",
        "type": "node",
        "format": {
          "shape": "hexagon",
          "height": "0.75",
          "width": "1.25",
          "fixedsize": "True",
          "fillcolor": "White",
          "fontname": "Calibri",
          "fontsize": "10",
          "style": "filled"
        },
        "viewSwitches": [
          "yes",
          "yes"
        ]
      },
      {
        "row": 41,
        "hidden": false,
        "height": 61.5,
        "name": "Process",
        "type": "node",
        "format": {
          "shape": "rect",
          "height": "0.75",
          "width": "1.25",
          "fixedsize": "True",
          "fillcolor": "White",
          "fontname": "Calibri",
          "fontsize": "10",
          "style": "filled"
        },
        "viewSwitches": [
          "yes",
          "yes"
        ]
      },
      {
        "row": 42,
        "hidden": false,
        "height": 61.5,
        "name": "Stop",
        "type": "node",
        "format": {
          "shape": "octagon",
          "height": "0.75",
          "width": "0.75",
          "fixedsize": "True",
          "color": "Red",
          "fillcolor": "white",
          "fontname": "Calibri",
          "fontsize": "10",
          "style": "filled"
        },
        "viewSwitches": [
          "yes",
          "yes"
        ]
      },
      {
        "row": 43,
        "hidden": false,
        "height": 45,
        "name": "Circle",
        "type": "node",
        "format": {
          "shape": "circle",
          "height": "0.375",
          "width": "0.375",
          "fixedsize": "True",
          "fillcolor": "White",
          "fontname": "Calibri",
          "fontsize": "10",
          "style": "filled"
        },
        "viewSwitches": [
          "yes",
          "yes"
        ]
      }
    ],
    "sql": [
      {
        "row": 2,
        "hidden": false,
        "height": 15,
        "filters": [
          null,
          null,
          null,
          null,
          null,
          null,
          null,
          null,
          null,
          null,
          null,
          null,
          null,
          null,
          null,
          null,
          null,
          null,
          null,
          null,
          null,
          null
        ]
      },
      {
        "row": 3,
        "hidden": false,
        "height": 27,
        "sqlStatement": "SELECT 'node'   as [ITEM],\u000A       'Circle' as [Style Name]",
        "excelFile": "usa states.xlsx",
        "status": "SUCCESS",
        "filters": [
          null,
          null,
          null,
          null,
          null,
          null,
          null,
          null,
          null,
          null,
          null,
          null,
          null,
          null,
          null,
          null,
          null,
          null,
          null,
          null,
          null,
          null
        ]
      },
      {
        "row": 4,
        "hidden": false,
        "height": 15,
        "enabled": false,
        "status": "SKIPPED",
        "filters": [
          null,
          null,
          null,
          null,
          null,
          null,
          null,
          null,
          null,
          null,
          null,
          null,
          null,
          null,
          null,
          null,
          null,
          null,
          null,
          null,
          null,
          null
        ]
      },
      {
        "row": 5,
        "hidden": false,
        "height": 40.5,
        "sqlStatement": "SELECT '{'                  as [ITEM],\r\r\r\r\u000A       'USA'                as [Label],\r\r\r\r\u000A       'Border 1 Begin'     as [Style Name]",
        "excelFile": "usa states.xlsx",
        "status": "SUCCESS",
        "filters": [
          null,
          null,
          null,
          null,
          null,
          null,
          null,
          null,
          null,
          null,
          null,
          null,
          null,
          null,
          null,
          null,
          null,
          null,
          null,
          null,
          null,
          null
        ]
      },
      {
        "row": 6,
        "hidden": false,
        "height": 15,
        "enabled": false,
        "status": "SKIPPED",
        "filters": [
          null,
          null,
          null,
          null,
          null,
          null,
          null,
          null,
          null,
          null,
          null,
          null,
          null,
          null,
          null,
          null,
          null,
          null,
          null,
          null,
          null,
          null
        ]
      },
      {
        "row": 7,
        "hidden": false,
        "height": 40.5,
        "sqlStatement": "SELECT '{'   as [ITEM],\r\r\r\r\u000A       'Northeast'          as [Label],\r\r\r\r\u000A       'Border 3 Begin'     as [Style Name]",
        "excelFile": "usa states.xlsx",
        "status": "SUCCESS",
        "filters": [
          null,
          null,
          null,
          null,
          null,
          null,
          null,
          null,
          null,
          null,
          null,
          null,
          null,
          null,
          null,
          null,
          null,
          null,
          null,
          null,
          null,
          null
        ]
      },
      {
        "row": 8,
        "hidden": false,
        "height": 81,
        "sqlStatement": "SELECT [State Code]         as [Item],\r\r\r\r\u000A       [State Code]         as [Label],\r\r\r\r\u000A       [State]              as [Outside Label]\r\r\r\r\u000AFROM   [census regions$]\r\r\r\r\u000AWHERE  [Region] = 'Northeast'\r\r\r\r\u000A",
        "excelFile": "usa states.xlsx",
        "status": "SUCCESS",
        "filters": [
          null,
          null,
          null,
          null,
          null,
          null,
          null,
          null,
          null,
          null,
          null,
          null,
          null,
          null,
          null,
          null,
          null,
          null,
          null,
          null,
          null,
          null
        ]
      },
      {
        "row": 9,
        "hidden": false,
        "height": 15,
        "sqlStatement": "SELECT '}' as [ITEM]",
        "excelFile": "usa states.xlsx",
        "status": "SUCCESS",
        "filters": [
          null,
          null,
          null,
          null,
          null,
          null,
          null,
          null,
          null,
          null,
          null,
          null,
          null,
          null,
          null,
          null,
          null,
          null,
          null,
          null,
          null,
          null
        ]
      },
      {
        "row": 10,
        "hidden": false,
        "height": 15,
        "enabled": false,
        "status": "SKIPPED",
        "filters": [
          null,
          null,
          null,
          null,
          null,
          null,
          null,
          null,
          null,
          null,
          null,
          null,
          null,
          null,
          null,
          null,
          null,
          null,
          null,
          null,
          null,
          null
        ]
      },
      {
        "row": 11,
        "hidden": false,
        "height": 40.5,
        "sqlStatement": "SELECT '{'   as [ITEM],\r\r\r\r\u000A       'South'              as [Label],\r\r\r\r\u000A       'Border 3 Begin'     as [Style Name]",
        "excelFile": "usa states.xlsx",
        "status": "SUCCESS",
        "filters": [
          null,
          null,
          null,
          null,
          null,
          null,
          null,
          null,
          null,
          null,
          null,
          null,
          null,
          null,
          null,
          null,
          null,
          null,
          null,
          null,
          null,
          null
        ]
      },
      {
        "row": 12,
        "hidden": false,
        "height": 81,
        "sqlStatement": "SELECT [State Code]         as [Item],\r\r\r\r\u000A       [State Code]         as [Label],\r\r\r\r\u000A       [State]              as [Outside Label]\r\r\r\r\u000AFROM   [census regions$]\r\r\r\r\u000AWHERE  [Region] = 'South'\r\r\r\r\u000A",
        "excelFile": "usa states.xlsx",
        "status": "SUCCESS",
        "filters": [
          null,
          null,
          null,
          null,
          null,
          null,
          null,
          null,
          null,
          null,
          null,
          null,
          null,
          null,
          null,
          null,
          null,
          null,
          null,
          null,
          null,
          null
        ]
      },
      {
        "row": 13,
        "hidden": false,
        "height": 15,
        "sqlStatement": "SELECT '}' as [ITEM]",
        "excelFile": "usa states.xlsx",
        "status": "SUCCESS",
        "filters": [
          null,
          null,
          null,
          null,
          null,
          null,
          null,
          null,
          null,
          null,
          null,
          null,
          null,
          null,
          null,
          null,
          null,
          null,
          null,
          null,
          null,
          null
        ]
      },
      {
        "row": 14,
        "hidden": false,
        "height": 15,
        "enabled": false,
        "status": "SKIPPED",
        "filters": [
          null,
          null,
          null,
          null,
          null,
          null,
          null,
          null,
          null,
          null,
          null,
          null,
          null,
          null,
          null,
          null,
          null,
          null,
          null,
          null,
          null,
          null
        ]
      },
      {
        "row": 15,
        "hidden": false,
        "height": 40.5,
        "sqlStatement": "SELECT '{'   as [ITEM],\r\r\r\r\u000A       'Midwest'            as [Label],\r\r\r\r\u000A       'Border 3 Begin'     as [Style Name]",
        "excelFile": "usa states.xlsx",
        "status": "SUCCESS",
        "filters": [
          null,
          null,
          null,
          null,
          null,
          null,
          null,
          null,
          null,
          null,
          null,
          null,
          null,
          null,
          null,
          null,
          null,
          null,
          null,
          null,
          null,
          null
        ]
      },
      {
        "row": 16,
        "hidden": false,
        "height": 81,
        "sqlStatement": "SELECT [State Code]         as [Item],\r\r\r\r\u000A       [State Code]         as [Label],\r\r\r\r\u000A       [State]              as [Outside Label]\r\r\r\r\u000AFROM   [census regions$]\r\r\r\r\u000AWHERE  [Region] = 'Midwest'\r\r\r\r\u000A",
        "excelFile": "usa states.xlsx",
        "status": "SUCCESS",
        "filters": [
          null,
          null,
          null,
          null,
          null,
          null,
          null,
          null,
          null,
          null,
          null,
          null,
          null,
          null,
          null,
          null,
          null,
          null,
          null,
          null,
          null,
          null
        ]
      },
      {
        "row": 17,
        "hidden": false,
        "height": 15,
        "sqlStatement": "SELECT '}' as [ITEM]",
        "excelFile": "usa states.xlsx",
        "status": "SUCCESS",
        "filters": [
          null,
          null,
          null,
          null,
          null,
          null,
          null,
          null,
          null,
          null,
          null,
          null,
          null,
          null,
          null,
          null,
          null,
          null,
          null,
          null,
          null,
          null
        ]
      },
      {
        "row": 18,
        "hidden": false,
        "height": 15,
        "enabled": false,
        "status": "SKIPPED",
        "filters": [
          null,
          null,
          null,
          null,
          null,
          null,
          null,
          null,
          null,
          null,
          null,
          null,
          null,
          null,
          null,
          null,
          null,
          null,
          null,
          null,
          null,
          null
        ]
      },
      {
        "row": 19,
        "hidden": false,
        "height": 40.5,
        "sqlStatement": "SELECT '{'   as [ITEM],\r\r\r\r\u000A       'West'               as [Label],\r\r\r\r\u000A       'Border 3 Begin'     as [Style Name]",
        "excelFile": "usa states.xlsx",
        "status": "SUCCESS",
        "filters": [
          null,
          null,
          null,
          null,
          null,
          null,
          null,
          null,
          null,
          null,
          null,
          null,
          null,
          null,
          null,
          null,
          null,
          null,
          null,
          null,
          null,
          null
        ]
      },
      {
        "row": 20,
        "hidden": false,
        "height": 81,
        "sqlStatement": "SELECT [State Code]         as [Item],\r\r\r\r\u000A       [State Code]         as [Label],\r\r\r\r\u000A       [State]              as [Outside Label]\r\r\r\r\u000AFROM   [census regions$]\r\r\r\r\u000AWHERE  [Region] = 'West'\r\r\r\r\u000A",
        "excelFile": "usa states.xlsx",
        "status": "SUCCESS",
        "filters": [
          null,
          null,
          null,
          null,
          null,
          null,
          null,
          null,
          null,
          null,
          null,
          null,
          null,
          null,
          null,
          null,
          null,
          null,
          null,
          null,
          null,
          null
        ]
      },
      {
        "row": 21,
        "hidden": false,
        "height": 15,
        "sqlStatement": "SELECT '}' as [ITEM]",
        "excelFile": "usa states.xlsx",
        "status": "SUCCESS",
        "filters": [
          null,
          null,
          null,
          null,
          null,
          null,
          null,
          null,
          null,
          null,
          null,
          null,
          null,
          null,
          null,
          null,
          null,
          null,
          null,
          null,
          null,
          null
        ]
      },
      {
        "row": 22,
        "hidden": false,
        "height": 15,
        "enabled": false,
        "status": "SKIPPED",
        "filters": [
          null,
          null,
          null,
          null,
          null,
          null,
          null,
          null,
          null,
          null,
          null,
          null,
          null,
          null,
          null,
          null,
          null,
          null,
          null,
          null,
          null,
          null
        ]
      },
      {
        "row": 23,
        "hidden": false,
        "height": 54,
        "sqlStatement": "SELECT [StateCode]          as [Item],\r\r\r\r\u000A       [NeighborStateCode]  as [Is Related To Item]\r\r\r\r\u000AFROM   [neighbor state$]",
        "excelFile": "usa states.xlsx",
        "status": "SUCCESS",
        "filters": [
          null,
          null,
          null,
          null,
          null,
          null,
          null,
          null,
          null,
          null,
          null,
          null,
          null,
          null,
          null,
          null,
          null,
          null,
          null,
          null,
          null,
          null
        ]
      },
      {
        "row": 24,
        "hidden": false,
        "height": 15,
        "enabled": false,
        "status": "SKIPPED",
        "filters": [
          null,
          null,
          null,
          null,
          null,
          null,
          null,
          null,
          null,
          null,
          null,
          null,
          null,
          null,
          null,
          null,
          null,
          null,
          null,
          null,
          null,
          null
        ]
      },
      {
        "row": 25,
        "hidden": false,
        "height": 15,
        "sqlStatement": "SELECT '}' as [ITEM]",
        "excelFile": "usa states.xlsx",
        "status": "SUCCESS",
        "filters": [
          null,
          null,
          null,
          null,
          null,
          null,
          null,
          null,
          null,
          null,
          null,
          null,
          null,
          null,
          null,
          null,
          null,
          null,
          null,
          null,
          null,
          null
        ]
      },
      {
        "row": 26,
        "hidden": false,
        "height": 15,
        "filters": [
          null,
          null,
          null,
          null,
          null,
          null,
          null,
          null,
          null,
          null,
          null,
          null,
          null,
          null,
          null,
          null,
          null,
          null,
          null,
          null,
          null,
          null
        ]
      },
      {
        "row": 27,
        "hidden": false,
        "height": 15,
        "filters": [
          null,
          null,
          null,
          null,
          null,
          null,
          null,
          null,
          null,
          null,
          null,
          null,
          null,
          null,
          null,
          null,
          null,
          null,
          null,
          null,
          null,
          null
        ]
      },
      {
        "row": 28,
        "hidden": false,
        "height": 15,
        "filters": [
          null,
          null,
          null,
          null,
          null,
          null,
          null,
          null,
          null,
          null,
          null,
          null,
          null,
          null,
          null,
          null,
          null,
          null,
          null,
          null,
          null,
          null
        ]
      },
      {
        "row": 29,
        "hidden": false,
        "height": 15,
        "filters": [
          null,
          null,
          null,
          null,
          null,
          null,
          null,
          null,
          null,
          null,
          null,
          null,
          null,
          null,
          null,
          null,
          null,
          null,
          null,
          null,
          null,
          null
        ]
      },
      {
        "row": 30,
        "hidden": false,
        "height": 15,
        "filters": [
          null,
          null,
          null,
          null,
          null,
          null,
          null,
          null,
          null,
          null,
          null,
          null,
          null,
          null,
          null,
          null,
          null,
          null,
          null,
          null,
          null,
          null
        ]
      },
      {
        "row": 31,
        "hidden": false,
        "height": 15,
        "filters": [
          null,
          null,
          null,
          null,
          null,
          null,
          null,
          null,
          null,
          null,
          null,
          null,
          null,
          null,
          null,
          null,
          null,
          null,
          null,
          null,
          null,
          null
        ]
      },
      {
        "row": 32,
        "hidden": false,
        "height": 15,
        "filters": [
          null,
          null,
          null,
          null,
          null,
          null,
          null,
          null,
          null,
          null,
          null,
          null,
          null,
          null,
          null,
          null,
          null,
          null,
          null,
          null,
          null,
          null
        ]
      },
      {
        "row": 33,
        "hidden": false,
        "height": 15,
        "filters": [
          null,
          null,
          null,
          null,
          null,
          null,
          null,
          null,
          null,
          null,
          null,
          null,
          null,
          null,
          null,
          null,
          null,
          null,
          null,
          null,
          null,
          null
        ]
      },
      {
        "row": 34,
        "hidden": false,
        "height": 15,
        "filters": [
          null,
          null,
          null,
          null,
          null,
          null,
          null,
          null,
          null,
          null,
          null,
          null,
          null,
          null,
          null,
          null,
          null,
          null,
          null,
          null,
          null,
          null
        ]
      },
      {
        "row": 35,
        "hidden": false,
        "height": 15,
        "filters": [
          null,
          null,
          null,
          null,
          null,
          null,
          null,
          null,
          null,
          null,
          null,
          null,
          null,
          null,
          null,
          null,
          null,
          null,
          null,
          null,
          null,
          null
        ]
      },
      {
        "row": 36,
        "hidden": false,
        "height": 15,
        "filters": [
          null,
          null,
          null,
          null,
          null,
          null,
          null,
          null,
          null,
          null,
          null,
          null,
          null,
          null,
          null,
          null,
          null,
          null,
          null,
          null,
          null,
          null
        ]
      },
      {
        "row": 37,
        "hidden": false,
        "height": 15,
        "filters": [
          null,
          null,
          null,
          null,
          null,
          null,
          null,
          null,
          null,
          null,
          null,
          null,
          null,
          null,
          null,
          null,
          null,
          null,
          null,
          null,
          null,
          null
        ]
      },
      {
        "row": 38,
        "hidden": false,
        "height": 15,
        "filters": [
          null,
          null,
          null,
          null,
          null,
          null,
          null,
          null,
          null,
          null,
          null,
          null,
          null,
          null,
          null,
          null,
          null,
          null,
          null,
          null,
          null,
          null
        ]
      },
      {
        "row": 39,
        "hidden": false,
        "height": 15,
        "filters": [
          null,
          null,
          null,
          null,
          null,
          null,
          null,
          null,
          null,
          null,
          null,
          null,
          null,
          null,
          null,
          null,
          null,
          null,
          null,
          null,
          null,
          null
        ]
      },
      {
        "row": 40,
        "hidden": false,
        "height": 15,
        "filters": [
          null,
          null,
          null,
          null,
          null,
          null,
          null,
          null,
          null,
          null,
          null,
          null,
          null,
          null,
          null,
          null,
          null,
          null,
          null,
          null,
          null,
          null
        ]
      },
      {
        "row": 41,
        "hidden": false,
        "height": 15,
        "filters": [
          null,
          null,
          null,
          null,
          null,
          null,
          null,
          null,
          null,
          null,
          null,
          null,
          null,
          null,
          null,
          null,
          null,
          null,
          null,
          null,
          null,
          null
        ]
      },
      {
        "row": 42,
        "hidden": false,
        "height": 15,
        "filters": [
          null,
          null,
          null,
          null,
          null,
          null,
          null,
          null,
          null,
          null,
          null,
          null,
          null,
          null,
          null,
          null,
          null,
          null,
          null,
          null,
          null,
          null
        ]
      },
      {
        "row": 43,
        "hidden": false,
        "height": 15,
        "filters": [
          null,
          null,
          null,
          null,
          null,
          null,
          null,
          null,
          null,
          null,
          null,
          null,
          null,
          null,
          null,
          null,
          null,
          null,
          null,
          null,
          null,
          null
        ]
      },
      {
        "row": 44,
        "hidden": false,
        "height": 15,
        "filters": [
          null,
          null,
          null,
          null,
          null,
          null,
          null,
          null,
          null,
          null,
          null,
          null,
          null,
          null,
          null,
          null,
          null,
          null,
          null,
          null,
          null,
          null
        ]
      },
      {
        "row": 45,
        "hidden": false,
        "height": 15,
        "filters": [
          null,
          null,
          null,
          null,
          null,
          null,
          null,
          null,
          null,
          null,
          null,
          null,
          null,
          null,
          null,
          null,
          null,
          null,
          null,
          null,
          null,
          null
        ]
      },
      {
        "row": 46,
        "hidden": false,
        "height": 15,
        "filters": [
          null,
          null,
          null,
          null,
          null,
          null,
          null,
          null,
          null,
          null,
          null,
          null,
          null,
          null,
          null,
          null,
          null,
          null,
          null,
          null,
          null,
          null
        ]
      },
      {
        "row": 47,
        "hidden": false,
        "height": 15,
        "filters": [
          null,
          null,
          null,
          null,
          null,
          null,
          null,
          null,
          null,
          null,
          null,
          null,
          null,
          null,
          null,
          null,
          null,
          null,
          null,
          null,
          null,
          null
        ]
      },
      {
        "row": 48,
        "hidden": false,
        "height": 15,
        "filters": [
          null,
          null,
          null,
          null,
          null,
          null,
          null,
          null,
          null,
          null,
          null,
          null,
          null,
          null,
          null,
          null,
          null,
          null,
          null,
          null,
          null,
          null
        ]
      },
      {
        "row": 49,
        "hidden": false,
        "height": 15,
        "filters": [
          null,
          null,
          null,
          null,
          null,
          null,
          null,
          null,
          null,
          null,
          null,
          null,
          null,
          null,
          null,
          null,
          null,
          null,
          null,
          null,
          null,
          null
        ]
      },
      {
        "row": 50,
        "hidden": false,
        "height": 15,
        "filters": [
          null,
          null,
          null,
          null,
          null,
          null,
          null,
          null,
          null,
          null,
          null,
          null,
          null,
          null,
          null,
          null,
          null,
          null,
          null,
          null,
          null,
          null
        ]
      },
      {
        "row": 51,
        "hidden": false,
        "height": 15,
        "filters": [
          null,
          null,
          null,
          null,
          null,
          null,
          null,
          null,
          null,
          null,
          null,
          null,
          null,
          null,
          null,
          null,
          null,
          null,
          null,
          null,
          null,
          null
        ]
      },
      {
        "row": 52,
        "hidden": false,
        "height": 15,
        "filters": [
          null,
          null,
          null,
          null,
          null,
          null,
          null,
          null,
          null,
          null,
          null,
          null,
          null,
          null,
          null,
          null,
          null,
          null,
          null,
          null,
          null,
          null
        ]
      },
      {
        "row": 53,
        "hidden": false,
        "height": 15,
        "filters": [
          null,
          null,
          null,
          null,
          null,
          null,
          null,
          null,
          null,
          null,
          null,
          null,
          null,
          null,
          null,
          null,
          null,
          null,
          null,
          null,
          null,
          null
        ]
      }
    ]
  },
  "settings": {
    "data": {
      "graphToWorksheet": {
        "runMode": "manual",
        "imageType": "png",
        "imageWorksheet": "graph",
        "scaleImage": 100
      },
      "graphToFile": {
        "directory": "C:\\data\\local\\rv\\v8.0.00\\Relationship Visualizer\\samples\\08 - Using SQL - World Map",
        "fileNamePrefix": "Graph",
        "imageType": "svg",
        "appendOptions": false,
        "appendTimeStamp": false
      },
      "layout": {
        "engine": "sfdp",
        "direction": "",
        "splines": ""
      },
      "options": {
        "graph": {
          "center": false,
          "clusterRank": "",
          "compound": false,
          "dim": "",
          "dimen": "",
          "forceLabels": false,
          "graphType": "undirected",
          "mode": "",
          "model": "",
          "newrank": false,
          "ordering": "",
          "orientation": false,
          "outputOrder": "edgesfirst",
          "overlap": "",
          "smoothing": "",
          "transparentBackground": false,
          "includeImagePath": false
        },
        "nodes": {
          "includeOrphanNodes": true,
          "includeNodeLabels": true,
          "includeNodeXLabels": true,
          "blankNodeLabels": "default"
        },
        "edges": {
          "addStrict": true,
          "concentrate": false,
          "includeOrphanEdges": true,
          "includeEdgeHeadLabels": true,
          "includeEdgeLabels": true,
          "includeEdgeXLabels": true,
          "includeEdgeTailLabels": true,
          "includeEdgePorts": true,
          "blankEdgeLabels": "blank"
        }
      },
      "styles": {
        "selectedViewColumn": "E",
        "includeStyleFormat": true,
        "includeExtraAttributes": true,
        "suffixOpen": "Begin",
        "suffixClose": "End"
      },
      "debug": {
        "debug": "off",
        "fileDisposition": "delete"
      },
      "columns": {
        "flag": "show",
        "item": "show",
        "label": "show",
        "outsideLabel": "hide",
        "tailLabel": "hide",
        "headLabel": "hide",
        "relatedItem": "show",
        "styleName": "show",
        "extraAttributes": "hide",
        "message": "hide"
      },
      "language": {
        "language": "locale_en-US"
      },
      "console": {
        "logToConsole": false,
        "appendConsole": false,
        "graphvizVerbose": false
      },
      "worksheets": {
        "about": "hide",
        "attributes": "hide",
        "colors": "hide",
        "console": "hide",
        "diagnostics": "hide",
        "exchange": "show",
        "lists": "hide",
        "locale_de-DE": "hide",
        "locale_en-GB": "hide",
        "locale_en-US": "hide",
        "locale_fr-FR": "hide",
        "locale_it-IT": "hide",
        "locale_pl-PL": "hide",
        "settings": "hide",
        "shapes": "hide",
        "source": "hide",
        "sql": "hide",
        "styleDesigner": "hide",
        "styles": "hide",
        "svg": "hide"
      }
    },
    "graph": {
      "zoom": 80
    },
    "settings": {
      "graphvizPath": "",
      "imagePath": "C:\\data\\local\\rv\\v8.0.00\\Relationship Visualizer\\samples\\08 - Using SQL - World Map",
      "additionalGraphOptions": "",
      "pictureName": "",
      "additionalCmdParameters": ""
    },
    "source": {
      "indent": 4,
      "buttons": [
        {
          "id": "SourceWeb1",
          "buttonText": "Graphviz Fiddle",
          "url": "http://stamm-wilbrandt.de/GraphvizFiddle/",
          "screenTip": "On-line code editor for Graphviz",
          "superTip": "GraphvizFiddle draws DOT language [directed] graphs. It is a dual-view Graphviz editor and playground for Graphviz written by Hermann Stamm-Wilbrandt.",
          "visible": "show"
        },
        {
          "id": "SourceWeb2",
          "buttonText": "Pocket Reference",
          "url": "http://graphs.grevian.org/graph",
          "screenTip": "On-line code editor for Graphviz",
          "superTip": "An on-line code editor for Graphviz written by Josh Hayes-Sheen for Computer Science students.",
          "visible": "show"
        },
        {
          "id": "SourceWeb3",
          "buttonText": "Graphviz Online",
          "url": "http://dreampuf.github.io/GraphvizOnline/",
          "screenTip": "On-line code editor for Graphviz",
          "superTip": "Online Graphviz editor with syntax higlighting.",
          "visible": "show"
        },
        {
          "id": "SourceWeb4",
          "visible": "hide"
        },
        {
          "id": "SourceWeb5",
          "visible": "hide"
        },
        {
          "id": "SourceWeb6",
          "visible": "hide"
        }
      ]
    },
    "sql": {
      "cluster": "cluster",
      "clusterLabel": "",
      "clusterStyleName": "cluster style name",
      "clusterAttributes": "cluster attributes",
      "clusterTooltip": "cluster tooltip",
      "clusterPlaceholder": "%clc%",
      "subcluster": "subcluster",
      "subclusterLabel": "",
      "subclusterStyleName": "subcluster style name",
      "subclusterAttributes": "subcluster attributes",
      "subclusterTooltip": "subcluster tooltip",
      "subclusterPlaceholder": "%scc%",
      "recordsetPlaceholder": "%rsc%",
      "splitLength": "SPLIT LENGTH",
      "lineEnding": "LINE ENDING",
      "filterColumn": "",
      "filterValue": ""
    },
    "extensions": {
      "tabName": "Extensions",
      "customCode": {
        "groupName": "Custom Code",
        "buttons": [
          {
            "id": "ExtCode1",
            "visible": "hide"
          },
          {
            "id": "ExtCode2",
            "visible": "hide"
          },
          {
            "id": "ExtCode3",
            "visible": "hide"
          },
          {
            "id": "ExtCode4",
            "visible": "hide"
          },
          {
            "id": "ExtCode5",
            "visible": "hide"
          },
          {
            "id": "ExtCode6",
            "visible": "hide"
          }
        ]
      },
      "webResources": {
        "groupName": "Web Resources",
        "buttons": [
          {
            "id": "ExtWeb1",
            "visible": "hide"
          },
          {
            "id": "ExtWeb2",
            "visible": "hide"
          },
          {
            "id": "ExtWeb3",
            "visible": "hide"
          },
          {
            "id": "ExtWeb4",
            "visible": "hide"
          },
          {
            "id": "ExtWeb5",
            "visible": "hide"
          },
          {
            "id": "ExtWeb6",
            "visible": "hide"
          }
        ]
      }
    }
  },
  "layouts": {
    "data": {
      "rows": [
        {
          "id": "heading",
          "row": 1,
          "height": 15,
          "hidden": false
        },
        {
          "id": "first",
          "row": 2,
          "height": 15,
          "hidden": false
        }
      ],
      "columns": [
        {
          "id": "flag",
          "column": 1,
          "heading": "",
          "width": 1.86,
          "hidden": false,
          "wrapText": false
        },
        {
          "id": "item",
          "column": 2,
          "heading": "Item",
          "width": 27,
          "hidden": false,
          "wrapText": false
        },
        {
          "id": "label",
          "column": 4,
          "heading": "Label",
          "width": 27,
          "hidden": false,
          "wrapText": true
        },
        {
          "id": "outsideLabel",
          "column": 5,
          "heading": "Outside Label",
          "width": 0,
          "hidden": true,
          "wrapText": true
        },
        {
          "id": "tailLabel",
          "column": 3,
          "heading": "Tail Label",
          "width": 0,
          "hidden": true,
          "wrapText": true
        },
        {
          "id": "headLabel",
          "column": 6,
          "heading": "Head Label",
          "width": 0,
          "hidden": true,
          "wrapText": true
        },
        {
          "id": "tooltip",
          "column": 7,
          "heading": "Tooltip",
          "width": 0,
          "hidden": true,
          "wrapText": true
        },
        {
          "id": "relatedItem",
          "column": 8,
          "heading": "Is Related To Item",
          "width": 27,
          "hidden": false,
          "wrapText": true
        },
        {
          "id": "styleName",
          "column": 9,
          "heading": "Style Name",
          "width": 27,
          "hidden": false,
          "wrapText": true
        },
        {
          "id": "extraAttributes",
          "column": 10,
          "heading": "Extra Attributes",
          "width": 0,
          "hidden": true,
          "wrapText": true
        },
        {
          "id": "message",
          "column": 11,
          "heading": "Messages",
          "width": 0,
          "hidden": true,
          "wrapText": false
        },
        {
          "id": "graphDisplayColumn",
          "column": 12,
          "heading": "",
          "width": 8.43,
          "hidden": false,
          "wrapText": true
        }
      ]
    },
    "styles": {
      "rows": [
        {
          "id": "heading",
          "row": 1,
          "height": 48,
          "hidden": false
        },
        {
          "id": "first",
          "row": 2,
          "height": 43.5,
          "hidden": false
        }
      ],
      "columns": [
        {
          "id": "flag",
          "column": 1,
          "heading": "",
          "width": 1.86,
          "hidden": false,
          "wrapText": true
        },
        {
          "id": "name",
          "column": 2,
          "heading": "Style Name",
          "width": 21,
          "hidden": false,
          "wrapText": true
        },
        {
          "id": "format",
          "column": 3,
          "heading": "Format",
          "width": 50.86,
          "hidden": false,
          "wrapText": true
        },
        {
          "id": "type",
          "column": 4,
          "heading": "Style Type",
          "width": 16.57,
          "hidden": false,
          "wrapText": null
        },
        {
          "id": "view0",
          "column": 5,
          "heading": "All Styles",
          "width": 7.29,
          "hidden": false,
          "wrapText": null
        },
        {
          "id": "view1",
          "column": 6,
          "heading": "No Clusters",
          "width": 7.29,
          "hidden": false,
          "wrapText": null
        },
        {
          "id": "view2",
          "column": 7,
          "heading": "No Edges",
          "width": 7.43,
          "hidden": false,
          "wrapText": null
        }
      ],
      "ranges": [
        {
        }
      ]
    },
    "sql": {
      "rows": [
        {
          "id": "heading",
          "row": 1,
          "height": 12.75,
          "hidden": false
        },
        {
          "id": "first",
          "row": 2,
          "height": 15,
          "hidden": false
        }
      ],
      "columns": [
        {
          "id": "flag",
          "column": 1,
          "heading": "",
          "width": 1.86,
          "hidden": false,
          "wrapText": false
        },
        {
          "id": "sqlStatement",
          "column": 2,
          "heading": "SQL SELECT Statement",
          "width": 60,
          "hidden": false,
          "wrapText": null
        },
        {
          "id": "excelFile",
          "column": 3,
          "heading": "Excel data file (.xlsx, .xlsm, .xlsb, or .xls only)",
          "width": 34.86,
          "hidden": false,
          "wrapText": true
        },
        {
          "id": "status",
          "column": 4,
          "heading": "Status",
          "width": 21.43,
          "hidden": false,
          "wrapText": true
        }
      ]
    },
    "svg": {
      "rows": [
        {
          "id": "heading",
          "row": 1,
          "height": 12.75,
          "hidden": false
        },
        {
          "id": "first",
          "row": 2,
          "height": 12.75,
          "hidden": false
        }
      ],
      "columns": [
        {
          "id": "flag",
          "column": 1,
          "heading": "",
          "width": 1.71,
          "hidden": false,
          "wrapText": false
        },
        {
          "id": "find",
          "column": 2,
          "heading": "Find",
          "width": 52.43,
          "hidden": false,
          "wrapText": false
        },
        {
          "id": "replace",
          "column": 3,
          "heading": "Replace",
          "width": 177.14,
          "hidden": false,
          "wrapText": null
        }
      ]
    },
    "source": {
      "rows": [
        {
          "id": "heading",
          "row": 1,
          "height": 15,
          "hidden": false
        },
        {
          "id": "first",
          "row": 2,
          "height": 15,
          "hidden": false
        }
      ],
      "columns": [
        {
          "id": "lineNumber",
          "column": 1,
          "heading": "Line",
          "width": 6.57,
          "hidden": false,
          "wrapText": false
        },
        {
          "id": "source",
          "column": 2,
          "heading": "Graphviz Source",
          "width": 168,
          "hidden": false,
          "wrapText": true
        }
      ]
    }
  }
}