{
  "metadata": {
    "name": "E2GXF",
    "type": "Excel to Graphviz Exchange Format",
    "version": "1.0",
    "user": "Jeffrey Long",
    "date": "2022-12-22",
    "time": "16:14:22",
    "os": "Windows (64-bit) NT 10.00",
    "excel": "16.0",
    "filename": "US State Borders.xlsm"
  },
  "content": {
    "data": [
      {
        "row": 2,
        "hidden": false,
        "height": 15,
        "item": "Alabama",
        "relatedItem": "Florida"
      },
      {
        "row": 3,
        "hidden": false,
        "height": 15,
        "item": "Alabama",
        "relatedItem": "Georgia"
      },
      {
        "row": 4,
        "hidden": false,
        "height": 15,
        "item": "Alabama",
        "relatedItem": "Mississippi"
      },
      {
        "row": 5,
        "hidden": false,
        "height": 15,
        "item": "Alabama",
        "relatedItem": "Tennessee"
      },
      {
        "row": 6,
        "hidden": false,
        "height": 15,
        "item": "Alaska"
      },
      {
        "row": 7,
        "hidden": false,
        "height": 15,
        "item": "Arizona",
        "relatedItem": "California"
      },
      {
        "row": 8,
        "hidden": false,
        "height": 15,
        "item": "Arizona",
        "relatedItem": "Nevada"
      },
      {
        "row": 9,
        "hidden": false,
        "height": 15,
        "item": "Arizona",
        "relatedItem": "New Mexico"
      },
      {
        "row": 10,
        "hidden": false,
        "height": 15,
        "item": "Arizona",
        "relatedItem": "Utah"
      },
      {
        "row": 11,
        "hidden": false,
        "height": 15,
        "item": "Arkansas",
        "relatedItem": "Louisiana"
      },
      {
        "row": 12,
        "hidden": false,
        "height": 15,
        "item": "Arkansas",
        "relatedItem": "Mississippi"
      },
      {
        "row": 13,
        "hidden": false,
        "height": 15,
        "item": "Arkansas",
        "relatedItem": "Missouri"
      },
      {
        "row": 14,
        "hidden": false,
        "height": 15,
        "item": "Arkansas",
        "relatedItem": "Oklahoma"
      },
      {
        "row": 15,
        "hidden": false,
        "height": 15,
        "item": "Arkansas",
        "relatedItem": "Tennessee"
      },
      {
        "row": 16,
        "hidden": false,
        "height": 15,
        "item": "Arkansas",
        "relatedItem": "Texas"
      },
      {
        "row": 17,
        "hidden": false,
        "height": 15,
        "item": "California",
        "relatedItem": "Arizona"
      },
      {
        "row": 18,
        "hidden": false,
        "height": 15,
        "item": "California",
        "relatedItem": "Nevada"
      },
      {
        "row": 19,
        "hidden": false,
        "height": 15,
        "item": "California",
        "relatedItem": "Oregon"
      },
      {
        "row": 20,
        "hidden": false,
        "height": 15,
        "item": "Colorado",
        "relatedItem": "Kansas"
      },
      {
        "row": 21,
        "hidden": false,
        "height": 15,
        "item": "Colorado",
        "relatedItem": "Nebraska"
      },
      {
        "row": 22,
        "hidden": false,
        "height": 15,
        "item": "Colorado",
        "relatedItem": "New Mexico"
      },
      {
        "row": 23,
        "hidden": false,
        "height": 15,
        "item": "Colorado",
        "relatedItem": "Oklahoma"
      },
      {
        "row": 24,
        "hidden": false,
        "height": 15,
        "item": "Colorado",
        "relatedItem": "Utah"
      },
      {
        "row": 25,
        "hidden": false,
        "height": 15,
        "item": "Colorado",
        "relatedItem": "Wyoming"
      },
      {
        "row": 26,
        "hidden": false,
        "height": 15,
        "item": "Connecticut",
        "relatedItem": "Massachusetts"
      },
      {
        "row": 27,
        "hidden": false,
        "height": 15,
        "item": "Connecticut",
        "relatedItem": "New York"
      },
      {
        "row": 28,
        "hidden": false,
        "height": 15,
        "item": "Connecticut",
        "relatedItem": "Rhode Island"
      },
      {
        "row": 29,
        "hidden": false,
        "height": 15,
        "item": "Delaware",
        "relatedItem": "Maryland"
      },
      {
        "row": 30,
        "hidden": false,
        "height": 15,
        "item": "Delaware",
        "relatedItem": "New Jersey"
      },
      {
        "row": 31,
        "hidden": false,
        "height": 15,
        "item": "Delaware",
        "relatedItem": "Pennsylvania"
      },
      {
        "row": 32,
        "hidden": false,
        "height": 15,
        "item": "District of Columbia",
        "relatedItem": "Maryland"
      },
      {
        "row": 33,
        "hidden": false,
        "height": 15,
        "item": "District of Columbia",
        "relatedItem": "Virginia"
      },
      {
        "row": 34,
        "hidden": false,
        "height": 15,
        "item": "Florida",
        "relatedItem": "Alabama"
      },
      {
        "row": 35,
        "hidden": false,
        "height": 15,
        "item": "Florida",
        "relatedItem": "Georgia"
      },
      {
        "row": 36,
        "hidden": false,
        "height": 15,
        "item": "Georgia",
        "relatedItem": "Alabama"
      },
      {
        "row": 37,
        "hidden": false,
        "height": 15,
        "item": "Georgia",
        "relatedItem": "Florida"
      },
      {
        "row": 38,
        "hidden": false,
        "height": 15,
        "item": "Georgia",
        "relatedItem": "North Carolina"
      },
      {
        "row": 39,
        "hidden": false,
        "height": 15,
        "item": "Georgia",
        "relatedItem": "South Carolina"
      },
      {
        "row": 40,
        "hidden": false,
        "height": 15,
        "item": "Georgia",
        "relatedItem": "Tennessee"
      },
      {
        "row": 41,
        "hidden": false,
        "height": 15,
        "item": "Hawaii"
      },
      {
        "row": 42,
        "hidden": false,
        "height": 15,
        "item": "Idaho",
        "relatedItem": "Montana"
      },
      {
        "row": 43,
        "hidden": false,
        "height": 15,
        "item": "Idaho",
        "relatedItem": "Nevada"
      },
      {
        "row": 44,
        "hidden": false,
        "height": 15,
        "item": "Idaho",
        "relatedItem": "Oregon"
      },
      {
        "row": 45,
        "hidden": false,
        "height": 15,
        "item": "Idaho",
        "relatedItem": "Utah"
      },
      {
        "row": 46,
        "hidden": false,
        "height": 15,
        "item": "Idaho",
        "relatedItem": "Washington"
      },
      {
        "row": 47,
        "hidden": false,
        "height": 15,
        "item": "Idaho",
        "relatedItem": "Wyoming"
      },
      {
        "row": 48,
        "hidden": false,
        "height": 15,
        "item": "Illinois",
        "relatedItem": "Indiana"
      },
      {
        "row": 49,
        "hidden": false,
        "height": 15,
        "item": "Illinois",
        "relatedItem": "Iowa"
      },
      {
        "row": 50,
        "hidden": false,
        "height": 15,
        "item": "Illinois",
        "relatedItem": "Kentucky"
      },
      {
        "row": 51,
        "hidden": false,
        "height": 15,
        "item": "Illinois",
        "relatedItem": "Missouri"
      },
      {
        "row": 52,
        "hidden": false,
        "height": 15,
        "item": "Illinois",
        "relatedItem": "Wisconsin"
      },
      {
        "row": 53,
        "hidden": false,
        "height": 15,
        "item": "Indiana",
        "relatedItem": "Illinois"
      },
      {
        "row": 54,
        "hidden": false,
        "height": 15,
        "item": "Indiana",
        "relatedItem": "Kentucky"
      },
      {
        "row": 55,
        "hidden": false,
        "height": 15,
        "item": "Indiana",
        "relatedItem": "Michigan"
      },
      {
        "row": 56,
        "hidden": false,
        "height": 15,
        "item": "Indiana",
        "relatedItem": "Ohio"
      },
      {
        "row": 57,
        "hidden": false,
        "height": 15,
        "item": "Iowa",
        "relatedItem": "Illinois"
      },
      {
        "row": 58,
        "hidden": false,
        "height": 15,
        "item": "Iowa",
        "relatedItem": "Minnesota"
      },
      {
        "row": 59,
        "hidden": false,
        "height": 15,
        "item": "Iowa",
        "relatedItem": "Missouri"
      },
      {
        "row": 60,
        "hidden": false,
        "height": 15,
        "item": "Iowa",
        "relatedItem": "Nebraska"
      },
      {
        "row": 61,
        "hidden": false,
        "height": 15,
        "item": "Iowa",
        "relatedItem": "South Dakota"
      },
      {
        "row": 62,
        "hidden": false,
        "height": 15,
        "item": "Iowa",
        "relatedItem": "Wisconsin"
      },
      {
        "row": 63,
        "hidden": false,
        "height": 15,
        "item": "Kansas",
        "relatedItem": "Colorado"
      },
      {
        "row": 64,
        "hidden": false,
        "height": 15,
        "item": "Kansas",
        "relatedItem": "Missouri"
      },
      {
        "row": 65,
        "hidden": false,
        "height": 15,
        "item": "Kansas",
        "relatedItem": "Nebraska"
      },
      {
        "row": 66,
        "hidden": false,
        "height": 15,
        "item": "Kansas",
        "relatedItem": "Oklahoma"
      },
      {
        "row": 67,
        "hidden": false,
        "height": 15,
        "item": "Kentucky",
        "relatedItem": "Illinois"
      },
      {
        "row": 68,
        "hidden": false,
        "height": 15,
        "item": "Kentucky",
        "relatedItem": "Indiana"
      },
      {
        "row": 69,
        "hidden": false,
        "height": 15,
        "item": "Kentucky",
        "relatedItem": "Missouri"
      },
      {
        "row": 70,
        "hidden": false,
        "height": 15,
        "item": "Kentucky",
        "relatedItem": "Ohio"
      },
      {
        "row": 71,
        "hidden": false,
        "height": 15,
        "item": "Kentucky",
        "relatedItem": "Tennessee"
      },
      {
        "row": 72,
        "hidden": false,
        "height": 15,
        "item": "Kentucky",
        "relatedItem": "Virginia"
      },
      {
        "row": 73,
        "hidden": false,
        "height": 15,
        "item": "Kentucky",
        "relatedItem": "West Virginia"
      },
      {
        "row": 74,
        "hidden": false,
        "height": 15,
        "item": "Louisiana",
        "relatedItem": "Arkansas"
      },
      {
        "row": 75,
        "hidden": false,
        "height": 15,
        "item": "Louisiana",
        "relatedItem": "Mississippi"
      },
      {
        "row": 76,
        "hidden": false,
        "height": 15,
        "item": "Louisiana",
        "relatedItem": "Texas"
      },
      {
        "row": 77,
        "hidden": false,
        "height": 15,
        "item": "Maine",
        "relatedItem": "New Hampshire"
      },
      {
        "row": 78,
        "hidden": false,
        "height": 15,
        "item": "Maryland",
        "relatedItem": "Delaware"
      },
      {
        "row": 79,
        "hidden": false,
        "height": 15,
        "item": "Maryland",
        "relatedItem": "District of Columbia"
      },
      {
        "row": 80,
        "hidden": false,
        "height": 15,
        "item": "Maryland",
        "relatedItem": "Pennsylvania"
      },
      {
        "row": 81,
        "hidden": false,
        "height": 15,
        "item": "Maryland",
        "relatedItem": "Virginia"
      },
      {
        "row": 82,
        "hidden": false,
        "height": 15,
        "item": "Maryland",
        "relatedItem": "West Virginia"
      },
      {
        "row": 83,
        "hidden": false,
        "height": 15,
        "item": "Massachusetts",
        "relatedItem": "Connecticut"
      },
      {
        "row": 84,
        "hidden": false,
        "height": 15,
        "item": "Massachusetts",
        "relatedItem": "New Hampshire"
      },
      {
        "row": 85,
        "hidden": false,
        "height": 15,
        "item": "Massachusetts",
        "relatedItem": "New York"
      },
      {
        "row": 86,
        "hidden": false,
        "height": 15,
        "item": "Massachusetts",
        "relatedItem": "Rhode Island"
      },
      {
        "row": 87,
        "hidden": false,
        "height": 15,
        "item": "Massachusetts",
        "relatedItem": "Vermont"
      },
      {
        "row": 88,
        "hidden": false,
        "height": 15,
        "item": "Michigan",
        "relatedItem": "Indiana"
      },
      {
        "row": 89,
        "hidden": false,
        "height": 15,
        "item": "Michigan",
        "relatedItem": "Ohio"
      },
      {
        "row": 90,
        "hidden": false,
        "height": 15,
        "item": "Michigan",
        "relatedItem": "Wisconsin"
      },
      {
        "row": 91,
        "hidden": false,
        "height": 15,
        "item": "Minnesota",
        "relatedItem": "Iowa"
      },
      {
        "row": 92,
        "hidden": false,
        "height": 15,
        "item": "Minnesota",
        "relatedItem": "North Dakota"
      },
      {
        "row": 93,
        "hidden": false,
        "height": 15,
        "item": "Minnesota",
        "relatedItem": "South Dakota"
      },
      {
        "row": 94,
        "hidden": false,
        "height": 15,
        "item": "Minnesota",
        "relatedItem": "Wisconsin"
      },
      {
        "row": 95,
        "hidden": false,
        "height": 15,
        "item": "Mississippi",
        "relatedItem": "Alabama"
      },
      {
        "row": 96,
        "hidden": false,
        "height": 15,
        "item": "Mississippi",
        "relatedItem": "Arkansas"
      },
      {
        "row": 97,
        "hidden": false,
        "height": 15,
        "item": "Mississippi",
        "relatedItem": "Louisiana"
      },
      {
        "row": 98,
        "hidden": false,
        "height": 15,
        "item": "Mississippi",
        "relatedItem": "Tennessee"
      },
      {
        "row": 99,
        "hidden": false,
        "height": 15,
        "item": "Missouri",
        "relatedItem": "Arkansas"
      },
      {
        "row": 100,
        "hidden": false,
        "height": 15,
        "item": "Missouri",
        "relatedItem": "Illinois"
      },
      {
        "row": 101,
        "hidden": false,
        "height": 15,
        "item": "Missouri",
        "relatedItem": "Iowa"
      },
      {
        "row": 102,
        "hidden": false,
        "height": 15,
        "item": "Missouri",
        "relatedItem": "Kansas"
      },
      {
        "row": 103,
        "hidden": false,
        "height": 15,
        "item": "Missouri",
        "relatedItem": "Kentucky"
      },
      {
        "row": 104,
        "hidden": false,
        "height": 15,
        "item": "Missouri",
        "relatedItem": "Nebraska"
      },
      {
        "row": 105,
        "hidden": false,
        "height": 15,
        "item": "Missouri",
        "relatedItem": "Oklahoma"
      },
      {
        "row": 106,
        "hidden": false,
        "height": 15,
        "item": "Missouri",
        "relatedItem": "Tennessee"
      },
      {
        "row": 107,
        "hidden": false,
        "height": 15,
        "item": "Montana",
        "relatedItem": "Idaho"
      },
      {
        "row": 108,
        "hidden": false,
        "height": 15,
        "item": "Montana",
        "relatedItem": "North Dakota"
      },
      {
        "row": 109,
        "hidden": false,
        "height": 15,
        "item": "Montana",
        "relatedItem": "South Dakota"
      },
      {
        "row": 110,
        "hidden": false,
        "height": 15,
        "item": "Montana",
        "relatedItem": "Wyoming"
      },
      {
        "row": 111,
        "hidden": false,
        "height": 15,
        "item": "Nebraska",
        "relatedItem": "Colorado"
      },
      {
        "row": 112,
        "hidden": false,
        "height": 15,
        "item": "Nebraska",
        "relatedItem": "Iowa"
      },
      {
        "row": 113,
        "hidden": false,
        "height": 15,
        "item": "Nebraska",
        "relatedItem": "Kansas"
      },
      {
        "row": 114,
        "hidden": false,
        "height": 15,
        "item": "Nebraska",
        "relatedItem": "Missouri"
      },
      {
        "row": 115,
        "hidden": false,
        "height": 15,
        "item": "Nebraska",
        "relatedItem": "South Dakota"
      },
      {
        "row": 116,
        "hidden": false,
        "height": 15,
        "item": "Nebraska",
        "relatedItem": "Wyoming"
      },
      {
        "row": 117,
        "hidden": false,
        "height": 15,
        "item": "Nevada",
        "relatedItem": "Arizona"
      },
      {
        "row": 118,
        "hidden": false,
        "height": 15,
        "item": "Nevada",
        "relatedItem": "California"
      },
      {
        "row": 119,
        "hidden": false,
        "height": 15,
        "item": "Nevada",
        "relatedItem": "Idaho"
      },
      {
        "row": 120,
        "hidden": false,
        "height": 15,
        "item": "Nevada",
        "relatedItem": "Oregon"
      },
      {
        "row": 121,
        "hidden": false,
        "height": 15,
        "item": "Nevada",
        "relatedItem": "Utah"
      },
      {
        "row": 122,
        "hidden": false,
        "height": 15,
        "item": "New Hampshire",
        "relatedItem": "Maine"
      },
      {
        "row": 123,
        "hidden": false,
        "height": 15,
        "item": "New Hampshire",
        "relatedItem": "Massachusetts"
      },
      {
        "row": 124,
        "hidden": false,
        "height": 15,
        "item": "New Hampshire",
        "relatedItem": "Vermont"
      },
      {
        "row": 125,
        "hidden": false,
        "height": 15,
        "item": "New Jersey",
        "relatedItem": "Delaware"
      },
      {
        "row": 126,
        "hidden": false,
        "height": 15,
        "item": "New Jersey",
        "relatedItem": "New York"
      },
      {
        "row": 127,
        "hidden": false,
        "height": 15,
        "item": "New Jersey",
        "relatedItem": "Pennsylvania"
      },
      {
        "row": 128,
        "hidden": false,
        "height": 15,
        "item": "New Mexico",
        "relatedItem": "Arizona"
      },
      {
        "row": 129,
        "hidden": false,
        "height": 15,
        "item": "New Mexico",
        "relatedItem": "Colorado"
      },
      {
        "row": 130,
        "hidden": false,
        "height": 15,
        "item": "New Mexico",
        "relatedItem": "Oklahoma"
      },
      {
        "row": 131,
        "hidden": false,
        "height": 15,
        "item": "New Mexico",
        "relatedItem": "Texas"
      },
      {
        "row": 132,
        "hidden": false,
        "height": 15,
        "item": "New York",
        "relatedItem": "Connecticut"
      },
      {
        "row": 133,
        "hidden": false,
        "height": 15,
        "item": "New York",
        "relatedItem": "Massachusetts"
      },
      {
        "row": 134,
        "hidden": false,
        "height": 15,
        "item": "New York",
        "relatedItem": "New Jersey"
      },
      {
        "row": 135,
        "hidden": false,
        "height": 15,
        "item": "New York",
        "relatedItem": "Pennsylvania"
      },
      {
        "row": 136,
        "hidden": false,
        "height": 15,
        "item": "New York",
        "relatedItem": "Vermont"
      },
      {
        "row": 137,
        "hidden": false,
        "height": 15,
        "item": "North Carolina",
        "relatedItem": "Georgia"
      },
      {
        "row": 138,
        "hidden": false,
        "height": 15,
        "item": "North Carolina",
        "relatedItem": "South Carolina"
      },
      {
        "row": 139,
        "hidden": false,
        "height": 15,
        "item": "North Carolina",
        "relatedItem": "Tennessee"
      },
      {
        "row": 140,
        "hidden": false,
        "height": 15,
        "item": "North Carolina",
        "relatedItem": "Virginia"
      },
      {
        "row": 141,
        "hidden": false,
        "height": 15,
        "item": "North Dakota",
        "relatedItem": "Minnesota"
      },
      {
        "row": 142,
        "hidden": false,
        "height": 15,
        "item": "North Dakota",
        "relatedItem": "Montana"
      },
      {
        "row": 143,
        "hidden": false,
        "height": 15,
        "item": "North Dakota",
        "relatedItem": "South Dakota"
      },
      {
        "row": 144,
        "hidden": false,
        "height": 15,
        "item": "Ohio",
        "relatedItem": "Indiana"
      },
      {
        "row": 145,
        "hidden": false,
        "height": 15,
        "item": "Ohio",
        "relatedItem": "Kentucky"
      },
      {
        "row": 146,
        "hidden": false,
        "height": 15,
        "item": "Ohio",
        "relatedItem": "Michigan"
      },
      {
        "row": 147,
        "hidden": false,
        "height": 15,
        "item": "Ohio",
        "relatedItem": "Pennsylvania"
      },
      {
        "row": 148,
        "hidden": false,
        "height": 15,
        "item": "Ohio",
        "relatedItem": "West Virginia"
      },
      {
        "row": 149,
        "hidden": false,
        "height": 15,
        "item": "Oklahoma",
        "relatedItem": "Arkansas"
      },
      {
        "row": 150,
        "hidden": false,
        "height": 15,
        "item": "Oklahoma",
        "relatedItem": "Colorado"
      },
      {
        "row": 151,
        "hidden": false,
        "height": 15,
        "item": "Oklahoma",
        "relatedItem": "Kansas"
      },
      {
        "row": 152,
        "hidden": false,
        "height": 15,
        "item": "Oklahoma",
        "relatedItem": "Missouri"
      },
      {
        "row": 153,
        "hidden": false,
        "height": 15,
        "item": "Oklahoma",
        "relatedItem": "New Mexico"
      },
      {
        "row": 154,
        "hidden": false,
        "height": 15,
        "item": "Oklahoma",
        "relatedItem": "Texas"
      },
      {
        "row": 155,
        "hidden": false,
        "height": 15,
        "item": "Oregon",
        "relatedItem": "California"
      },
      {
        "row": 156,
        "hidden": false,
        "height": 15,
        "item": "Oregon",
        "relatedItem": "Idaho"
      },
      {
        "row": 157,
        "hidden": false,
        "height": 15,
        "item": "Oregon",
        "relatedItem": "Nevada"
      },
      {
        "row": 158,
        "hidden": false,
        "height": 15,
        "item": "Oregon",
        "relatedItem": "Washington"
      },
      {
        "row": 159,
        "hidden": false,
        "height": 15,
        "item": "Pennsylvania",
        "relatedItem": "Delaware"
      },
      {
        "row": 160,
        "hidden": false,
        "height": 15,
        "item": "Pennsylvania",
        "relatedItem": "Maryland"
      },
      {
        "row": 161,
        "hidden": false,
        "height": 15,
        "item": "Pennsylvania",
        "relatedItem": "New Jersey"
      },
      {
        "row": 162,
        "hidden": false,
        "height": 15,
        "item": "Pennsylvania",
        "relatedItem": "New York"
      },
      {
        "row": 163,
        "hidden": false,
        "height": 15,
        "item": "Pennsylvania",
        "relatedItem": "Ohio"
      },
      {
        "row": 164,
        "hidden": false,
        "height": 15,
        "item": "Pennsylvania",
        "relatedItem": "West Virginia"
      },
      {
        "row": 165,
        "hidden": false,
        "height": 15,
        "item": "Rhode Island",
        "relatedItem": "Connecticut"
      },
      {
        "row": 166,
        "hidden": false,
        "height": 15,
        "item": "Rhode Island",
        "relatedItem": "Massachusetts"
      },
      {
        "row": 167,
        "hidden": false,
        "height": 15,
        "item": "South Carolina",
        "relatedItem": "Georgia"
      },
      {
        "row": 168,
        "hidden": false,
        "height": 15,
        "item": "South Carolina",
        "relatedItem": "North Carolina"
      },
      {
        "row": 169,
        "hidden": false,
        "height": 15,
        "item": "South Dakota",
        "relatedItem": "Iowa"
      },
      {
        "row": 170,
        "hidden": false,
        "height": 15,
        "item": "South Dakota",
        "relatedItem": "Minnesota"
      },
      {
        "row": 171,
        "hidden": false,
        "height": 15,
        "item": "South Dakota",
        "relatedItem": "Montana"
      },
      {
        "row": 172,
        "hidden": false,
        "height": 15,
        "item": "South Dakota",
        "relatedItem": "Nebraska"
      },
      {
        "row": 173,
        "hidden": false,
        "height": 15,
        "item": "South Dakota",
        "relatedItem": "North Dakota"
      },
      {
        "row": 174,
        "hidden": false,
        "height": 15,
        "item": "South Dakota",
        "relatedItem": "Wyoming"
      },
      {
        "row": 175,
        "hidden": false,
        "height": 15,
        "item": "Tennessee",
        "relatedItem": "Alabama"
      },
      {
        "row": 176,
        "hidden": false,
        "height": 15,
        "item": "Tennessee",
        "relatedItem": "Arkansas"
      },
      {
        "row": 177,
        "hidden": false,
        "height": 15,
        "item": "Tennessee",
        "relatedItem": "Georgia"
      },
      {
        "row": 178,
        "hidden": false,
        "height": 15,
        "item": "Tennessee",
        "relatedItem": "Kentucky"
      },
      {
        "row": 179,
        "hidden": false,
        "height": 15,
        "item": "Tennessee",
        "relatedItem": "Mississippi"
      },
      {
        "row": 180,
        "hidden": false,
        "height": 15,
        "item": "Tennessee",
        "relatedItem": "Missouri"
      },
      {
        "row": 181,
        "hidden": false,
        "height": 15,
        "item": "Tennessee",
        "relatedItem": "North Carolina"
      },
      {
        "row": 182,
        "hidden": false,
        "height": 15,
        "item": "Tennessee",
        "relatedItem": "Virginia"
      },
      {
        "row": 183,
        "hidden": false,
        "height": 15,
        "item": "Texas",
        "relatedItem": "Arkansas"
      },
      {
        "row": 184,
        "hidden": false,
        "height": 15,
        "item": "Texas",
        "relatedItem": "Louisiana"
      },
      {
        "row": 185,
        "hidden": false,
        "height": 15,
        "item": "Texas",
        "relatedItem": "New Mexico"
      },
      {
        "row": 186,
        "hidden": false,
        "height": 15,
        "item": "Texas",
        "relatedItem": "Oklahoma"
      },
      {
        "row": 187,
        "hidden": false,
        "height": 15,
        "item": "Utah",
        "relatedItem": "Arizona"
      },
      {
        "row": 188,
        "hidden": false,
        "height": 15,
        "item": "Utah",
        "relatedItem": "Colorado"
      },
      {
        "row": 189,
        "hidden": false,
        "height": 15,
        "item": "Utah",
        "relatedItem": "Idaho"
      },
      {
        "row": 190,
        "hidden": false,
        "height": 15,
        "item": "Utah",
        "relatedItem": "Nevada"
      },
      {
        "row": 191,
        "hidden": false,
        "height": 15,
        "item": "Utah",
        "relatedItem": "Wyoming"
      },
      {
        "row": 192,
        "hidden": false,
        "height": 15,
        "item": "Vermont",
        "relatedItem": "Massachusetts"
      },
      {
        "row": 193,
        "hidden": false,
        "height": 15,
        "item": "Vermont",
        "relatedItem": "New Hampshire"
      },
      {
        "row": 194,
        "hidden": false,
        "height": 15,
        "item": "Vermont",
        "relatedItem": "New York"
      },
      {
        "row": 195,
        "hidden": false,
        "height": 15,
        "item": "Virginia",
        "relatedItem": "District of Columbia"
      },
      {
        "row": 196,
        "hidden": false,
        "height": 15,
        "item": "Virginia",
        "relatedItem": "Kentucky"
      },
      {
        "row": 197,
        "hidden": false,
        "height": 15,
        "item": "Virginia",
        "relatedItem": "Maryland"
      },
      {
        "row": 198,
        "hidden": false,
        "height": 15,
        "item": "Virginia",
        "relatedItem": "North Carolina"
      },
      {
        "row": 199,
        "hidden": false,
        "height": 15,
        "item": "Virginia",
        "relatedItem": "Tennessee"
      },
      {
        "row": 200,
        "hidden": false,
        "height": 15,
        "item": "Virginia",
        "relatedItem": "West Virginia"
      },
      {
        "row": 201,
        "hidden": false,
        "height": 15,
        "item": "Washington",
        "relatedItem": "Idaho"
      },
      {
        "row": 202,
        "hidden": false,
        "height": 15,
        "item": "Washington",
        "relatedItem": "Oregon"
      },
      {
        "row": 203,
        "hidden": false,
        "height": 15,
        "item": "West Virginia",
        "relatedItem": "Kentucky"
      },
      {
        "row": 204,
        "hidden": false,
        "height": 15,
        "item": "West Virginia",
        "relatedItem": "Maryland"
      },
      {
        "row": 205,
        "hidden": false,
        "height": 15,
        "item": "West Virginia",
        "relatedItem": "Ohio"
      },
      {
        "row": 206,
        "hidden": false,
        "height": 15,
        "item": "West Virginia",
        "relatedItem": "Pennsylvania"
      },
      {
        "row": 207,
        "hidden": false,
        "height": 15,
        "item": "West Virginia",
        "relatedItem": "Virginia"
      },
      {
        "row": 208,
        "hidden": false,
        "height": 15,
        "item": "Wisconsin",
        "relatedItem": "Illinois"
      },
      {
        "row": 209,
        "hidden": false,
        "height": 15,
        "item": "Wisconsin",
        "relatedItem": "Iowa"
      },
      {
        "row": 210,
        "hidden": false,
        "height": 15,
        "item": "Wisconsin",
        "relatedItem": "Michigan"
      },
      {
        "row": 211,
        "hidden": false,
        "height": 15,
        "item": "Wisconsin",
        "relatedItem": "Minnesota"
      },
      {
        "row": 212,
        "hidden": false,
        "height": 15,
        "item": "Wyoming",
        "relatedItem": "Colorado"
      },
      {
        "row": 213,
        "hidden": false,
        "height": 15,
        "item": "Wyoming",
        "relatedItem": "Idaho"
      },
      {
        "row": 214,
        "hidden": false,
        "height": 15,
        "item": "Wyoming",
        "relatedItem": "Montana"
      },
      {
        "row": 215,
        "hidden": false,
        "height": 15,
        "item": "Wyoming",
        "relatedItem": "Nebraska"
      },
      {
        "row": 216,
        "hidden": false,
        "height": 15,
        "item": "Wyoming",
        "relatedItem": "South Dakota"
      },
      {
        "row": 217,
        "hidden": false,
        "height": 15,
        "item": "Wyoming",
        "relatedItem": "Utah"
      }
    ],
    "styles": [
      {
        "row": 2,
        "hidden": false,
        "height": 15,
        "name": "node",
        "type": "node",
        "viewSwitches": [
          "yes",
          "yes"
        ]
      },
      {
        "row": 3,
        "hidden": false,
        "height": 15,
        "name": "edge",
        "type": "edge",
        "viewSwitches": [
          "yes",
          "yes"
        ]
      },
      {
        "row": 4,
        "hidden": false,
        "height": 15,
        "name": "subgraph-open",
        "type": "subgraph-open",
        "viewSwitches": [
          "yes",
          "no"
        ]
      },
      {
        "row": 5,
        "hidden": false,
        "height": 15,
        "name": "subgraph-close",
        "type": "subgraph-close",
        "viewSwitches": [
          "yes",
          "no"
        ]
      },
      {
        "row": 6,
        "hidden": false,
        "height": 15,
        "name": "keyword",
        "type": "keyword",
        "viewSwitches": [
          "yes",
          "yes"
        ]
      },
      {
        "row": 7,
        "hidden": false,
        "height": 15,
        "name": "native",
        "type": "native",
        "viewSwitches": [
          "yes",
          "yes"
        ]
      },
      {
        "row": 8,
        "hidden": false,
        "height": 15,
        "name": "Border 0 Begin",
        "type": "subgraph-open",
        "format": {
          "penwidth": "2",
          "fontname": "Calibri Bold",
          "fontsize": "16",
          "margin": "18"
        },
        "viewSwitches": [
          "yes",
          "no"
        ]
      },
      {
        "row": 9,
        "hidden": false,
        "height": 15,
        "name": "Border 0 End",
        "type": "subgraph-close",
        "viewSwitches": [
          "yes",
          "no"
        ]
      },
      {
        "row": 10,
        "hidden": false,
        "height": 30,
        "name": "Border 1 Begin",
        "type": "subgraph-open",
        "format": {
          "penwidth": "1",
          "colorscheme": "pastel16",
          "fillcolor": "6",
          "fontname": "Calibri Bold",
          "fontsize": "12",
          "style": "filled",
          "margin": "18"
        },
        "viewSwitches": [
          "yes",
          "no"
        ]
      },
      {
        "row": 11,
        "hidden": false,
        "height": 15,
        "name": "Border 1 End",
        "type": "subgraph-close",
        "viewSwitches": [
          "yes",
          "no"
        ]
      },
      {
        "row": 12,
        "hidden": false,
        "height": 30,
        "name": "Border 2 Begin",
        "type": "subgraph-open",
        "format": {
          "penwidth": "1",
          "colorscheme": "pastel16",
          "fillcolor": "5",
          "fontname": "Calibri Bold",
          "fontsize": "12",
          "style": "filled",
          "margin": "18"
        },
        "viewSwitches": [
          "yes",
          "no"
        ]
      },
      {
        "row": 13,
        "hidden": false,
        "height": 15,
        "name": "Border 2 End",
        "type": "subgraph-close",
        "viewSwitches": [
          "yes",
          "no"
        ]
      },
      {
        "row": 14,
        "hidden": false,
        "height": 30,
        "name": "Border 3 Begin",
        "type": "subgraph-open",
        "format": {
          "penwidth": "1",
          "colorscheme": "pastel16",
          "fillcolor": "4",
          "fontname": "Calibri Bold",
          "fontsize": "12",
          "style": "filled",
          "margin": "18"
        },
        "viewSwitches": [
          "yes",
          "no"
        ]
      },
      {
        "row": 15,
        "hidden": false,
        "height": 15,
        "name": "Border 3 End",
        "type": "subgraph-close",
        "viewSwitches": [
          "yes",
          "no"
        ]
      },
      {
        "row": 16,
        "hidden": false,
        "height": 30,
        "name": "Border 4 Begin",
        "type": "subgraph-open",
        "format": {
          "penwidth": "1",
          "colorscheme": "pastel16",
          "fillcolor": "3",
          "fontname": "Calibri Bold",
          "fontsize": "12",
          "style": "filled",
          "margin": "18"
        },
        "viewSwitches": [
          "yes",
          "no"
        ]
      },
      {
        "row": 17,
        "hidden": false,
        "height": 15,
        "name": "Border 4 End",
        "type": "subgraph-close",
        "viewSwitches": [
          "yes",
          "no"
        ]
      },
      {
        "row": 18,
        "hidden": false,
        "height": 30,
        "name": "Border 5 Begin",
        "type": "subgraph-open",
        "format": {
          "penwidth": "1",
          "colorscheme": "pastel16",
          "fillcolor": "2",
          "fontname": "Calibri Bold",
          "fontsize": "12",
          "style": "filled",
          "margin": "18"
        },
        "viewSwitches": [
          "yes",
          "no"
        ]
      },
      {
        "row": 19,
        "hidden": false,
        "height": 15,
        "name": "Border 5 End",
        "type": "subgraph-close",
        "viewSwitches": [
          "yes",
          "no"
        ]
      },
      {
        "row": 20,
        "hidden": false,
        "height": 30,
        "name": "Component",
        "type": "node",
        "format": {
          "shape": "component",
          "height": "0.75",
          "width": "1.25",
          "fixedsize": "True",
          "fillcolor": "White",
          "fontname": "Calibri",
          "fontsize": "10",
          "style": "filled"
        },
        "viewSwitches": [
          "yes",
          "yes"
        ]
      },
      {
        "row": 21,
        "hidden": false,
        "height": 30,
        "name": "Decision",
        "type": "node",
        "format": {
          "shape": "diamond",
          "height": "0.75",
          "width": "1.25",
          "fixedsize": "True",
          "fillcolor": "White",
          "fontname": "Calibri",
          "fontsize": "10",
          "style": "filled"
        },
        "viewSwitches": [
          "yes",
          "yes"
        ]
      },
      {
        "row": 22,
        "hidden": false,
        "height": 30,
        "name": "Event",
        "type": "node",
        "format": {
          "shape": "rectangle",
          "height": "0.375",
          "width": "1.25",
          "fixedsize": "True",
          "fillcolor": "White",
          "fontname": "Calibri",
          "fontsize": "10",
          "style": "rounded,filled"
        },
        "viewSwitches": [
          "yes",
          "yes"
        ]
      },
      {
        "row": 23,
        "hidden": false,
        "height": 30,
        "name": "Extract",
        "type": "node",
        "format": {
          "shape": "triangle",
          "height": "0.75",
          "width": "1.25",
          "fixedsize": "True",
          "fillcolor": "White",
          "fontname": "Calibri",
          "fontsize": "10",
          "style": "filled"
        },
        "viewSwitches": [
          "yes",
          "yes"
        ]
      },
      {
        "row": 24,
        "hidden": false,
        "height": 30,
        "name": "File",
        "type": "node",
        "format": {
          "shape": "note",
          "height": "0.75",
          "width": "0.5",
          "fixedsize": "True",
          "fillcolor": "White",
          "fontname": "Calibri",
          "fontsize": "10",
          "style": "filled"
        },
        "viewSwitches": [
          "yes",
          "yes"
        ]
      },
      {
        "row": 25,
        "hidden": false,
        "height": 30,
        "name": "Folder",
        "type": "node",
        "format": {
          "shape": "folder",
          "height": "0.5",
          "width": "0.75",
          "fixedsize": "True",
          "fillcolor": "White",
          "fontname": "Calibri",
          "fontsize": "10",
          "style": "filled"
        },
        "viewSwitches": [
          "yes",
          "yes"
        ]
      },
      {
        "row": 26,
        "hidden": false,
        "height": 15,
        "name": "Flow",
        "type": "edge",
        "format": {
          "fontname": "Calibri",
          "fontsize": "10"
        },
        "viewSwitches": [
          "yes",
          "yes"
        ]
      },
      {
        "row": 27,
        "hidden": false,
        "height": 30,
        "name": "Flow - Dotted",
        "type": "edge",
        "format": {
          "fontname": "Calibri",
          "fontsize": "10",
          "weight": "100",
          "decorate": "false",
          "style": "dotted",
          "arrowsize": "0.5"
        },
        "viewSwitches": [
          "yes",
          "yes"
        ]
      },
      {
        "row": 28,
        "hidden": false,
        "height": 30,
        "name": "Flow - Negative",
        "type": "edge",
        "format": {
          "fontname": "Calibri",
          "fontsize": "10",
          "weight": "100",
          "decorate": "false",
          "color": "red",
          "fontcolor": "red"
        },
        "viewSwitches": [
          "yes",
          "yes"
        ]
      },
      {
        "row": 29,
        "hidden": false,
        "height": 30,
        "name": "Flow - Positive",
        "type": "edge",
        "format": {
          "fontname": "Calibri",
          "fontsize": "10",
          "weight": "100",
          "decorate": "false",
          "color": "darkgreen",
          "fontcolor": "darkgreen"
        },
        "viewSwitches": [
          "yes",
          "yes"
        ]
      },
      {
        "row": 30,
        "hidden": false,
        "height": 30,
        "name": "Input",
        "type": "node",
        "format": {
          "shape": "parallelogram",
          "height": "0.75",
          "width": "1.25",
          "fixedsize": "True",
          "fillcolor": "White",
          "fontname": "Calibri",
          "fontsize": "10",
          "style": "filled"
        },
        "viewSwitches": [
          "yes",
          "yes"
        ]
      },
      {
        "row": 31,
        "hidden": false,
        "height": 15,
        "name": "Invisible Edge",
        "type": "edge",
        "format": {
          "style": "invis",
          "color": "Invis"
        },
        "viewSwitches": [
          "yes",
          "yes"
        ]
      },
      {
        "row": 32,
        "hidden": false,
        "height": 15,
        "name": "Invisible Point",
        "type": "node",
        "format": {
          "shape": "point",
          "fillcolor": "Invis",
          "color": "Invis",
          "style": "filled"
        },
        "viewSwitches": [
          "yes",
          "yes"
        ]
      },
      {
        "row": 33,
        "hidden": false,
        "height": 30,
        "name": "Manual Operation",
        "type": "node",
        "format": {
          "shape": "invtrapezium",
          "height": "0.75",
          "width": "1.25",
          "fixedsize": "True",
          "fillcolor": "White",
          "fontname": "Calibri",
          "fontsize": "10",
          "style": "filled"
        },
        "viewSwitches": [
          "yes",
          "yes"
        ]
      },
      {
        "row": 34,
        "hidden": false,
        "height": 30,
        "name": "Merge",
        "type": "node",
        "format": {
          "shape": "invtriangle",
          "height": "0.75",
          "width": "1.25",
          "fixedsize": "True",
          "fillcolor": "White",
          "fontname": "Calibri",
          "fontsize": "10",
          "style": "filled"
        },
        "viewSwitches": [
          "yes",
          "yes"
        ]
      },
      {
        "row": 35,
        "hidden": false,
        "height": 30,
        "name": "Off Page Reference",
        "type": "node",
        "format": {
          "shape": "invhouse",
          "height": "0.625",
          "width": "0.625",
          "fixedsize": "True",
          "fillcolor": "White",
          "fontname": "Calibri",
          "fontsize": "10",
          "style": "filled"
        },
        "viewSwitches": [
          "yes",
          "yes"
        ]
      },
      {
        "row": 36,
        "hidden": false,
        "height": 30,
        "name": "On Page Reference",
        "type": "node",
        "format": {
          "shape": "circle",
          "height": "0.625",
          "width": "0.625",
          "fixedsize": "True",
          "fillcolor": "White",
          "fontname": "Calibri",
          "fontsize": "10",
          "style": "filled"
        },
        "viewSwitches": [
          "yes",
          "yes"
        ]
      },
      {
        "row": 37,
        "hidden": false,
        "height": 30,
        "name": "Output",
        "type": "node",
        "format": {
          "shape": "parallelogram",
          "height": "0.75",
          "width": "1.25",
          "fixedsize": "True",
          "fillcolor": "White",
          "fontname": "Calibri",
          "fontsize": "10",
          "style": "filled"
        },
        "viewSwitches": [
          "yes",
          "yes"
        ]
      },
      {
        "row": 38,
        "hidden": false,
        "height": 15,
        "name": "Point",
        "type": "node",
        "format": {
          "shape": "point"
        },
        "viewSwitches": [
          "yes",
          "yes"
        ]
      },
      {
        "row": 39,
        "hidden": false,
        "height": 45,
        "name": "Predefined Process",
        "type": "node",
        "format": {
          "shape": "rectangle",
          "height": "0.75",
          "width": "1.25",
          "fixedsize": "True",
          "fillcolor": "White",
          "fontname": "Calibri",
          "fontsize": "10",
          "style": "diagonals,filled"
        },
        "viewSwitches": [
          "yes",
          "yes"
        ]
      },
      {
        "row": 40,
        "hidden": false,
        "height": 30,
        "name": "Preparation",
        "type": "node",
        "format": {
          "shape": "hexagon",
          "height": "0.75",
          "width": "1.25",
          "fixedsize": "True",
          "fillcolor": "White",
          "fontname": "Calibri",
          "fontsize": "10",
          "style": "filled"
        },
        "viewSwitches": [
          "yes",
          "yes"
        ]
      },
      {
        "row": 41,
        "hidden": false,
        "height": 30,
        "name": "Process",
        "type": "node",
        "format": {
          "shape": "rect",
          "height": "0.75",
          "width": "1.25",
          "fixedsize": "True",
          "fillcolor": "White",
          "fontname": "Calibri",
          "fontsize": "10",
          "style": "filled"
        },
        "viewSwitches": [
          "yes",
          "yes"
        ]
      },
      {
        "row": 42,
        "hidden": false,
        "height": 30,
        "name": "Stop",
        "type": "node",
        "format": {
          "shape": "octagon",
          "height": "0.75",
          "width": "0.75",
          "fixedsize": "True",
          "color": "Red",
          "fillcolor": "white",
          "fontname": "Calibri",
          "fontsize": "10",
          "style": "filled"
        },
        "viewSwitches": [
          "yes",
          "yes"
        ]
      },
      {
        "row": 43,
        "hidden": false,
        "height": 15
      },
      {
        "row": 44,
        "hidden": false,
        "height": 15
      },
      {
        "row": 45,
        "hidden": false,
        "height": 15
      },
      {
        "row": 46,
        "hidden": false,
        "height": 15
      },
      {
        "row": 47,
        "hidden": false,
        "height": 15
      },
      {
        "row": 48,
        "hidden": false,
        "height": 15
      },
      {
        "row": 49,
        "hidden": false,
        "height": 15
      },
      {
        "row": 50,
        "hidden": false,
        "height": 15
      },
      {
        "row": 51,
        "hidden": false,
        "height": 15
      },
      {
        "row": 52,
        "hidden": false,
        "height": 15
      },
      {
        "row": 53,
        "hidden": false,
        "height": 15
      },
      {
        "row": 54,
        "hidden": false,
        "height": 15
      },
      {
        "row": 55,
        "hidden": false,
        "height": 15
      },
      {
        "row": 56,
        "hidden": false,
        "height": 15
      },
      {
        "row": 57,
        "hidden": false,
        "height": 15
      },
      {
        "row": 58,
        "hidden": false,
        "height": 15
      },
      {
        "row": 59,
        "hidden": false,
        "height": 15
      },
      {
        "row": 60,
        "hidden": false,
        "height": 15
      },
      {
        "row": 61,
        "hidden": false,
        "height": 15
      },
      {
        "row": 62,
        "hidden": false,
        "height": 15
      },
      {
        "row": 63,
        "hidden": false,
        "height": 15
      },
      {
        "row": 64,
        "hidden": false,
        "height": 15
      },
      {
        "row": 65,
        "hidden": false,
        "height": 15
      },
      {
        "row": 66,
        "hidden": false,
        "height": 15
      },
      {
        "row": 67,
        "hidden": false,
        "height": 15
      },
      {
        "row": 68,
        "hidden": false,
        "height": 15
      },
      {
        "row": 69,
        "hidden": false,
        "height": 15
      },
      {
        "row": 70,
        "hidden": false,
        "height": 15
      },
      {
        "row": 71,
        "hidden": false,
        "height": 15
      },
      {
        "row": 72,
        "hidden": false,
        "height": 15
      },
      {
        "row": 73,
        "hidden": false,
        "height": 15
      },
      {
        "row": 74,
        "hidden": false,
        "height": 15
      },
      {
        "row": 75,
        "hidden": false,
        "height": 15
      },
      {
        "row": 76,
        "hidden": false,
        "height": 15
      },
      {
        "row": 77,
        "hidden": false,
        "height": 15
      },
      {
        "row": 78,
        "hidden": false,
        "height": 15
      },
      {
        "row": 79,
        "hidden": false,
        "height": 15
      },
      {
        "row": 80,
        "hidden": false,
        "height": 15
      },
      {
        "row": 81,
        "hidden": false,
        "height": 15
      },
      {
        "row": 82,
        "hidden": false,
        "height": 15
      },
      {
        "row": 83,
        "hidden": false,
        "height": 15
      },
      {
        "row": 84,
        "hidden": false,
        "height": 15
      },
      {
        "row": 85,
        "hidden": false,
        "height": 15
      },
      {
        "row": 86,
        "hidden": false,
        "height": 15
      },
      {
        "row": 87,
        "hidden": false,
        "height": 15
      },
      {
        "row": 88,
        "hidden": false,
        "height": 15
      },
      {
        "row": 89,
        "hidden": false,
        "height": 15
      },
      {
        "row": 90,
        "hidden": false,
        "height": 15.75
      }
    ],
    "sql": [
      {
        "row": 2,
        "hidden": false,
        "height": 15
      }
    ]
  },
  "settings": {
    "data": {
      "graphToWorksheet": {
        "runMode": "auto",
        "imageType": "png",
        "imageWorksheet": "graph",
        "scaleImage": 75
      },
      "graphToFile": {
        "directory": "",
        "fileNamePrefix": "Graph",
        "imageType": "pdf",
        "appendOptions": false,
        "appendTimeStamp": false
      },
      "layout": {
        "engine": "neato",
        "direction": "top to bottom",
        "rankdir": "TB",
        "splines": "line"
      },
      "options": {
        "graph": {
          "center": false,
          "clusterRank": "",
          "compound": false,
          "dim": "",
          "dimen": "",
          "forceLabels": false,
          "graphType": "undirected",
          "mode": "ipsep",
          "model": "",
          "newrank": false,
          "ordering": "",
          "orientation": false,
          "outputOrder": "nodesfirst",
          "overlap": "scalexy",
          "smoothing": "",
          "transparentBackground": false
        },
        "nodes": {
          "includeOrphanNodes": true,
          "includeNodeLabels": true,
          "includeNodeXLabels": true,
          "blankNodeLabels": "default"
        },
        "edges": {
          "addStrict": true,
          "concentrate": false,
          "includeOrphanEdges": true,
          "includeEdgeHeadLabels": true,
          "includeEdgeLabels": true,
          "includeEdgeXLabels": true,
          "includeEdgeTailLabels": true,
          "includeEdgePorts": true,
          "blankEdgeLabels": "blank"
        }
      },
      "styles": {
        "selectedViewColumn": "E",
        "includeStyleFormat": true,
        "includeExtraAttributes": true
      },
      "debug": {
        "debug": "off",
        "fileDisposition": "delete"
      },
      "columns": {
        "flag": "show",
        "item": "show",
        "label": "hide",
        "outsideLabel": "hide",
        "tailLabel": "hide",
        "headLabel": "hide",
        "relatedItem": "show",
        "styleName": "hide",
        "extraAttributes": "hide",
        "message": "hide"
      },
      "language": {
        "language": "locale_en-US"
      }
    },
    "graph": {
      "zoom": 50
    },
    "settings": {
      "additionalGraphOptions": "sep=\"+30,30\"",
      "maxSeconds": 60,
      "pictureName": "",
      "additionalCmdParameters": ""
    },
    "source": {
      "indent": 4,
      "buttons": [
        {
          "id": "SourceWeb1",
          "buttonText": "Graphviz Fiddle",
          "url": "http://stamm-wilbrandt.de/GraphvizFiddle/",
          "screenTip": "On-line code editor for Graphviz",
          "superTip": "GraphvizFiddle draws DOT language [directed] graphs. It is a dual-view Graphviz editor and playground for Graphviz written by Hermann Stamm-Wilbrandt.",
          "visible": "show"
        },
        {
          "id": "SourceWeb2",
          "buttonText": "Pocket Reference",
          "url": "http://graphs.grevian.org/graph",
          "screenTip": "On-line code editor for Graphviz",
          "superTip": "An on-line code editor for Graphviz written by Josh Hayes-Sheen for Computer Science students.",
          "visible": "show"
        },
        {
          "id": "SourceWeb3",
          "buttonText": "Graphviz Online",
          "url": "http://dreampuf.github.io/GraphvizOnline/",
          "screenTip": "On-line code editor for Graphviz",
          "superTip": "Online Graphviz editor with syntax higlighting.",
          "visible": "show"
        },
        {
          "id": "SourceWeb4",
          "visible": "hide"
        },
        {
          "id": "SourceWeb5",
          "visible": "hide"
        },
        {
          "id": "SourceWeb6",
          "visible": "hide"
        }
      ]
    },
    "extensions": {
      "tabName": "Extensions",
      "customCode": {
        "groupName": "Custom Code",
        "buttons": [
          {
            "id": "ExtCode1",
            "visible": "hide"
          },
          {
            "id": "ExtCode2",
            "visible": "hide"
          },
          {
            "id": "ExtCode3",
            "visible": "hide"
          },
          {
            "id": "ExtCode4",
            "visible": "hide"
          },
          {
            "id": "ExtCode5",
            "visible": "hide"
          },
          {
            "id": "ExtCode6",
            "visible": "hide"
          }
        ]
      },
      "webResources": {
        "groupName": "Web Resources",
        "buttons": [
          {
            "id": "ExtWeb1",
            "visible": "hide"
          },
          {
            "id": "ExtWeb2",
            "visible": "hide"
          },
          {
            "id": "ExtWeb3",
            "visible": "hide"
          },
          {
            "id": "ExtWeb4",
            "visible": "hide"
          },
          {
            "id": "ExtWeb5",
            "visible": "hide"
          },
          {
            "id": "ExtWeb6",
            "visible": "hide"
          }
        ]
      }
    }
  },
  "layouts": {
    "data": {
      "rows": [
        {
          "id": "heading",
          "row": 1,
          "height": 15,
          "hidden": false
        },
        {
          "id": "first",
          "row": 2,
          "height": 15,
          "hidden": false
        }
      ],
      "columns": [
        {
          "id": "flag",
          "column": 1,
          "heading": "",
          "width": 1.86,
          "hidden": false,
          "wrapText": false
        },
        {
          "id": "item",
          "column": 2,
          "heading": "Item",
          "width": 18,
          "hidden": false,
          "wrapText": false
        },
        {
          "id": "label",
          "column": 4,
          "heading": "Label",
          "width": 0,
          "hidden": true,
          "wrapText": true
        },
        {
          "id": "outsideLabel",
          "column": 5,
          "heading": "Outside Label",
          "width": 0,
          "hidden": true,
          "wrapText": true
        },
        {
          "id": "tailLabel",
          "column": 3,
          "heading": "Tail Label",
          "width": 0,
          "hidden": true,
          "wrapText": true
        },
        {
          "id": "headLabel",
          "column": 6,
          "heading": "Head Label",
          "width": 0,
          "hidden": true,
          "wrapText": true
        },
        {
          "id": "tooltip",
          "column": 7,
          "heading": "Tooltip",
          "width": 0,
          "hidden": true,
          "wrapText": true
        },
        {
          "id": "relatedItem",
          "column": 8,
          "heading": "Is Related To Item",
          "width": 18,
          "hidden": false,
          "wrapText": true
        },
        {
          "id": "styleName",
          "column": 9,
          "heading": "Style Name",
          "width": 0,
          "hidden": true,
          "wrapText": true
        },
        {
          "id": "extraAttributes",
          "column": 10,
          "heading": "Extra Attributes",
          "width": 0,
          "hidden": true,
          "wrapText": true
        },
        {
          "id": "message",
          "column": 11,
          "heading": "Messages",
          "width": 0,
          "hidden": true,
          "wrapText": false
        },
        {
          "id": "graphDisplayColumn",
          "column": 12,
          "heading": "",
          "width": 8.43,
          "hidden": false,
          "wrapText": true
        }
      ]
    },
    "styles": {
      "rows": [
        {
          "id": "heading",
          "row": 1,
          "height": 48,
          "hidden": false
        },
        {
          "id": "first",
          "row": 2,
          "height": 15,
          "hidden": false
        }
      ],
      "columns": [
        {
          "id": "flag",
          "column": 1,
          "heading": "",
          "width": 1.86,
          "hidden": false,
          "wrapText": true
        },
        {
          "id": "name",
          "column": 2,
          "heading": "Style Name",
          "width": 21,
          "hidden": false,
          "wrapText": true
        },
        {
          "id": "format",
          "column": 3,
          "heading": "Format",
          "width": 50.86,
          "hidden": false,
          "wrapText": true
        },
        {
          "id": "type",
          "column": 4,
          "heading": "Style Type",
          "width": 16.57,
          "hidden": false,
          "wrapText": null
        },
        {
          "id": "view0",
          "column": 5,
          "heading": "All Styles",
          "width": 7.29,
          "hidden": false,
          "wrapText": null
        },
        {
          "id": "view1",
          "column": 6,
          "heading": "No Clusters",
          "width": 7.29,
          "hidden": false,
          "wrapText": null
        }
      ],
      "ranges": [
        {
        }
      ]
    },
    "sql": {
      "rows": [
        {
          "id": "heading",
          "row": 1,
          "height": 12.75,
          "hidden": false
        },
        {
          "id": "first",
          "row": 2,
          "height": 15,
          "hidden": false
        }
      ],
      "columns": [
        {
          "id": "flag",
          "column": 1,
          "heading": "",
          "width": 1.86,
          "hidden": false,
          "wrapText": false
        },
        {
          "id": "sqlStatement",
          "column": 2,
          "heading": "SQL SELECT Statement",
          "width": 55,
          "hidden": false,
          "wrapText": false
        },
        {
          "id": "excelFile",
          "column": 3,
          "heading": "Excel data file (.xlsx, .xlsm, .xlsb, or .xls only)",
          "width": 34.86,
          "hidden": false,
          "wrapText": true
        },
        {
          "id": "status",
          "column": 4,
          "heading": "Status",
          "width": 21.43,
          "hidden": false,
          "wrapText": true
        }
      ]
    },
    "source": {
      "rows": [
        {
          "id": "heading",
          "row": 1,
          "height": 15,
          "hidden": false
        },
        {
          "id": "first",
          "row": 2,
          "height": 15,
          "hidden": false
        }
      ],
      "columns": [
        {
          "id": "lineNumber",
          "column": 1,
          "heading": "Line",
          "width": 6.57,
          "hidden": false,
          "wrapText": false
        },
        {
          "id": "source",
          "column": 2,
          "heading": "Graphviz Source",
          "width": 168,
          "hidden": false,
          "wrapText": true
        }
      ]
    }
  }
}