{
  "metadata": {
    "name": "E2GXF",
    "type": "Excel to Graphviz Exchange Format",
    "version": "1.0",
    "user": "Jeffrey Long",
    "date": "2025-08-27",
    "time": "10:08:44",
    "os": "Windows (64-bit) NT 10.00",
    "excel": "16.0",
    "filename": "Assorted Graphs Old.xlsm"
  },
  "content": {
    "data": [
      {
        "row": 2,
        "hidden": false,
        "height": 15
      },
      {
        "row": 3,
        "hidden": false,
        "height": 15,
        "enabled": false
      },
      {
        "row": 4,
        "hidden": false,
        "height": 30,
        "item": "{",
        "label": "Example 1: \u000AEdges"
      },
      {
        "row": 5,
        "hidden": false,
        "height": 15,
        "item": "a",
        "relatedItem": "b"
      },
      {
        "row": 6,
        "hidden": false,
        "height": 15,
        "item": "b",
        "relatedItem": "c"
      },
      {
        "row": 7,
        "hidden": false,
        "height": 15,
        "item": "c",
        "relatedItem": "a"
      },
      {
        "row": 8,
        "hidden": false,
        "height": 15,
        "item": "}"
      },
      {
        "row": 9,
        "hidden": false,
        "height": 15,
        "enabled": false
      },
      {
        "row": 10,
        "hidden": false,
        "height": 30,
        "item": "{",
        "label": "Example 2:\u000ALabeled edges"
      },
      {
        "row": 11,
        "hidden": false,
        "height": 15,
        "item": "aa",
        "label": "leads to",
        "relatedItem": "bb"
      },
      {
        "row": 12,
        "hidden": false,
        "height": 15,
        "item": "bb",
        "label": "leads to",
        "relatedItem": "cc"
      },
      {
        "row": 13,
        "hidden": false,
        "height": 15,
        "item": "cc",
        "label": "leads to",
        "relatedItem": "aa"
      },
      {
        "row": 14,
        "hidden": false,
        "height": 15,
        "item": "}"
      },
      {
        "row": 15,
        "hidden": false,
        "height": 15,
        "enabled": false
      },
      {
        "row": 16,
        "hidden": false,
        "height": 30,
        "item": "{",
        "label": "Example 3:\u000ANodes"
      },
      {
        "row": 17,
        "hidden": false,
        "height": 15,
        "item": "d"
      },
      {
        "row": 18,
        "hidden": false,
        "height": 15,
        "item": "e"
      },
      {
        "row": 19,
        "hidden": false,
        "height": 15,
        "item": "}"
      },
      {
        "row": 20,
        "hidden": false,
        "height": 15,
        "enabled": false
      },
      {
        "row": 21,
        "hidden": false,
        "height": 30,
        "item": "{",
        "label": "Example 4:\u000ALabeled nodes"
      },
      {
        "row": 22,
        "hidden": false,
        "height": 15,
        "item": "f",
        "label": "Apple"
      },
      {
        "row": 23,
        "hidden": false,
        "height": 15,
        "item": "g",
        "label": "Orange"
      },
      {
        "row": 24,
        "hidden": false,
        "height": 15,
        "item": "}"
      },
      {
        "row": 25,
        "hidden": false,
        "height": 15,
        "enabled": false
      },
      {
        "row": 26,
        "hidden": false,
        "height": 30,
        "item": "{",
        "label": "Example 5:\u000ANodes with external labels"
      },
      {
        "row": 27,
        "hidden": false,
        "height": 15,
        "item": "ff",
        "outsideLabel": "Apple"
      },
      {
        "row": 28,
        "hidden": false,
        "height": 15,
        "item": "gg",
        "outsideLabel": "Orange"
      },
      {
        "row": 29,
        "hidden": false,
        "height": 15,
        "item": "}"
      },
      {
        "row": 30,
        "hidden": false,
        "height": 15,
        "enabled": false
      },
      {
        "row": 31,
        "hidden": false,
        "height": 30,
        "item": "{",
        "label": "Example 6:\u000ALabeled nodes with external labels"
      },
      {
        "row": 32,
        "hidden": false,
        "height": 15,
        "item": "h",
        "label": "Apple",
        "outsideLabel": "Apple"
      },
      {
        "row": 33,
        "hidden": false,
        "height": 15,
        "item": "i",
        "label": "Orange",
        "outsideLabel": "Orange"
      },
      {
        "row": 34,
        "hidden": false,
        "height": 15,
        "item": "}"
      },
      {
        "row": 35,
        "hidden": false,
        "height": 15,
        "enabled": false
      },
      {
        "row": 36,
        "hidden": false,
        "height": 30,
        "item": "{",
        "label": "Example 7:\u000ANode using a style definition"
      },
      {
        "row": 37,
        "hidden": false,
        "height": 15,
        "item": "l",
        "label": "Apple",
        "styleName": "node-with-shape"
      },
      {
        "row": 38,
        "hidden": false,
        "height": 15,
        "item": "}"
      },
      {
        "row": 39,
        "hidden": false,
        "height": 15,
        "enabled": false
      },
      {
        "row": 40,
        "hidden": false,
        "height": 30,
        "item": "{",
        "label": "Example 8:\u000AEdge using a style definition"
      },
      {
        "row": 41,
        "hidden": false,
        "height": 15,
        "item": "m",
        "label": "is related to",
        "relatedItem": "n",
        "styleName": "edge-with-style"
      },
      {
        "row": 42,
        "hidden": false,
        "height": 15,
        "item": "}"
      },
      {
        "row": 43,
        "hidden": false,
        "height": 15,
        "enabled": false
      },
      {
        "row": 44,
        "hidden": false,
        "height": 45,
        "item": "{",
        "label": "Example 9:\u000ANodes and edge using style definitions"
      },
      {
        "row": 45,
        "hidden": false,
        "height": 15,
        "item": "tree",
        "label": "Tree",
        "styleName": "node-with-shape"
      },
      {
        "row": 46,
        "hidden": false,
        "height": 15,
        "item": "apple",
        "label": "Apple",
        "styleName": "node-with-shape"
      },
      {
        "row": 47,
        "hidden": false,
        "height": 15,
        "item": "apple",
        "label": "grows on",
        "relatedItem": "tree",
        "styleName": "edge-with-style"
      },
      {
        "row": 48,
        "hidden": false,
        "height": 15,
        "item": "}"
      },
      {
        "row": 49,
        "hidden": false,
        "height": 15,
        "enabled": false
      },
      {
        "row": 50,
        "hidden": false,
        "height": 45,
        "item": "{",
        "label": "Example 10:\u000ANode using an image style definition"
      },
      {
        "row": 51,
        "hidden": false,
        "height": 15,
        "item": "o",
        "label": "Jeff Long",
        "styleName": "node-with-image"
      },
      {
        "row": 52,
        "hidden": false,
        "height": 15,
        "item": "}"
      },
      {
        "row": 53,
        "hidden": false,
        "height": 15,
        "enabled": false
      },
      {
        "row": 54,
        "hidden": false,
        "height": 45,
        "item": "{",
        "label": "Example 11:\u000ANodes and edge using image style definition"
      },
      {
        "row": 55,
        "hidden": false,
        "height": 15,
        "item": "p",
        "label": "Shape",
        "styleName": "node-with-shape"
      },
      {
        "row": 56,
        "hidden": false,
        "height": 15,
        "item": "q",
        "label": "Image",
        "styleName": "node-with-image"
      },
      {
        "row": 57,
        "hidden": false,
        "height": 15,
        "item": "p",
        "label": "is related to",
        "relatedItem": "q",
        "styleName": "edge-with-style"
      },
      {
        "row": 58,
        "hidden": false,
        "height": 15,
        "item": "}"
      },
      {
        "row": 59,
        "hidden": false,
        "height": 15,
        "enabled": false
      }
    ],
    "styles": [
      {
        "row": 2,
        "hidden": false,
        "height": 43.5,
        "name": "node",
        "type": "node",
        "viewSwitches": [
          "yes",
          "yes",
          "no",
          "yes"
        ]
      },
      {
        "row": 3,
        "hidden": false,
        "height": 25.5,
        "name": "edge",
        "type": "edge",
        "viewSwitches": [
          "yes",
          "yes",
          "yes",
          "no"
        ]
      },
      {
        "row": 4,
        "hidden": false,
        "height": 99.75,
        "name": "subgraph-open",
        "type": "subgraph-open",
        "viewSwitches": [
          "yes",
          "no",
          "no",
          "no"
        ]
      },
      {
        "row": 5,
        "hidden": false,
        "height": 15,
        "name": "subgraph-close",
        "type": "subgraph-close",
        "viewSwitches": [
          "yes",
          "no",
          "no",
          "no"
        ]
      },
      {
        "row": 6,
        "hidden": false,
        "height": 15,
        "name": "keyword",
        "type": "keyword",
        "viewSwitches": [
          "yes",
          "yes",
          "yes",
          "yes"
        ]
      },
      {
        "row": 7,
        "hidden": false,
        "height": 15,
        "name": "native",
        "type": "native",
        "viewSwitches": [
          "yes",
          "yes",
          "yes",
          "yes"
        ]
      },
      {
        "row": 8,
        "hidden": false,
        "height": 123.75,
        "name": "Border 0 Begin",
        "type": "subgraph-open",
        "format": {
          "penwidth": "2",
          "fontname": "Calibri Bold",
          "fontsize": "16",
          "margin": "18"
        },
        "viewSwitches": [
          "yes",
          "no",
          "no",
          "no"
        ]
      },
      {
        "row": 9,
        "hidden": false,
        "height": 15,
        "name": "Border 0 End",
        "type": "subgraph-close",
        "viewSwitches": [
          "yes",
          "no",
          "no",
          "no"
        ]
      },
      {
        "row": 10,
        "hidden": false,
        "height": 117.75,
        "name": "Border 1 Begin",
        "type": "subgraph-open",
        "format": {
          "penwidth": "1",
          "colorscheme": "pastel19",
          "fillcolor": "9",
          "fontname": "Calibri Bold",
          "fontsize": "12",
          "style": "filled",
          "margin": "18"
        },
        "viewSwitches": [
          "yes",
          "no",
          "no",
          "no"
        ]
      },
      {
        "row": 11,
        "hidden": false,
        "height": 15,
        "name": "Border 1 End",
        "type": "subgraph-close",
        "viewSwitches": [
          "yes",
          "no",
          "no",
          "no"
        ]
      },
      {
        "row": 12,
        "hidden": false,
        "height": 117.75,
        "name": "Border 2 Begin",
        "type": "subgraph-open",
        "format": {
          "penwidth": "1",
          "colorscheme": "pastel19",
          "fillcolor": "8",
          "fontname": "Calibri Bold",
          "fontsize": "12",
          "style": "filled",
          "margin": "18"
        },
        "viewSwitches": [
          "yes",
          "no",
          "no",
          "no"
        ]
      },
      {
        "row": 13,
        "hidden": false,
        "height": 15,
        "name": "Border 2 End",
        "type": "subgraph-close",
        "viewSwitches": [
          "yes",
          "no",
          "no",
          "no"
        ]
      },
      {
        "row": 14,
        "hidden": false,
        "height": 117.75,
        "name": "Border 3 Begin",
        "type": "subgraph-open",
        "format": {
          "penwidth": "1",
          "colorscheme": "pastel19",
          "fillcolor": "7",
          "fontname": "Calibri Bold",
          "fontsize": "12",
          "style": "filled",
          "margin": "18"
        },
        "viewSwitches": [
          "yes",
          "no",
          "no",
          "no"
        ]
      },
      {
        "row": 15,
        "hidden": false,
        "height": 15,
        "name": "Border 3 End",
        "type": "subgraph-close",
        "viewSwitches": [
          "yes",
          "no",
          "no",
          "no"
        ]
      },
      {
        "row": 16,
        "hidden": false,
        "height": 117.75,
        "name": "Border 4 Begin",
        "type": "subgraph-open",
        "format": {
          "penwidth": "1",
          "colorscheme": "pastel19",
          "fillcolor": "6",
          "fontname": "Calibri Bold",
          "fontsize": "12",
          "style": "filled",
          "margin": "18"
        },
        "viewSwitches": [
          "yes",
          "no",
          "no",
          "no"
        ]
      },
      {
        "row": 17,
        "hidden": false,
        "height": 15,
        "name": "Border 4 End",
        "type": "subgraph-close",
        "viewSwitches": [
          "yes",
          "no",
          "no",
          "no"
        ]
      },
      {
        "row": 18,
        "hidden": false,
        "height": 117.75,
        "name": "Border 5 Begin",
        "type": "subgraph-open",
        "format": {
          "penwidth": "1",
          "colorscheme": "pastel19",
          "fillcolor": "5",
          "fontname": "Calibri Bold",
          "fontsize": "12",
          "style": "filled",
          "margin": "18"
        },
        "viewSwitches": [
          "yes",
          "no",
          "no",
          "no"
        ]
      },
      {
        "row": 19,
        "hidden": false,
        "height": 15,
        "name": "Border 5 End",
        "type": "subgraph-close",
        "viewSwitches": [
          "yes",
          "no",
          "no",
          "no"
        ]
      },
      {
        "row": 20,
        "hidden": false,
        "height": 61.5,
        "name": "Component",
        "type": "node",
        "format": {
          "shape": "component",
          "height": "0.75",
          "width": "1.25",
          "fixedsize": "True",
          "fillcolor": "White",
          "fontname": "Calibri",
          "fontsize": "10",
          "style": "filled"
        },
        "viewSwitches": [
          "yes",
          "yes",
          "no",
          "yes"
        ]
      },
      {
        "row": 21,
        "hidden": false,
        "height": 61.5,
        "name": "Decision",
        "type": "node",
        "format": {
          "shape": "diamond",
          "height": "0.75",
          "width": "1.25",
          "fixedsize": "True",
          "fillcolor": "White",
          "fontname": "Calibri",
          "fontsize": "10",
          "style": "filled"
        },
        "viewSwitches": [
          "yes",
          "yes",
          "no",
          "yes"
        ]
      },
      {
        "row": 22,
        "hidden": false,
        "height": 45,
        "name": "Event",
        "type": "node",
        "format": {
          "shape": "rectangle",
          "height": "0.375",
          "width": "1.25",
          "fixedsize": "True",
          "fillcolor": "White",
          "fontname": "Calibri",
          "fontsize": "10",
          "style": "rounded,filled"
        },
        "viewSwitches": [
          "yes",
          "yes",
          "no",
          "yes"
        ]
      },
      {
        "row": 23,
        "hidden": false,
        "height": 61.5,
        "name": "Extract",
        "type": "node",
        "format": {
          "shape": "triangle",
          "height": "0.75",
          "width": "1.25",
          "fixedsize": "True",
          "fillcolor": "White",
          "fontname": "Calibri",
          "fontsize": "10",
          "style": "filled"
        },
        "viewSwitches": [
          "yes",
          "yes",
          "no",
          "yes"
        ]
      },
      {
        "row": 24,
        "hidden": false,
        "height": 61.5,
        "name": "File",
        "type": "node",
        "format": {
          "shape": "note",
          "height": "0.75",
          "width": "0.5",
          "fixedsize": "True",
          "fillcolor": "White",
          "fontname": "Calibri",
          "fontsize": "10",
          "style": "filled"
        },
        "viewSwitches": [
          "yes",
          "yes",
          "no",
          "yes"
        ]
      },
      {
        "row": 25,
        "hidden": false,
        "height": 45,
        "name": "Folder",
        "type": "node",
        "format": {
          "shape": "folder",
          "height": "0.5",
          "width": "0.75",
          "fixedsize": "True",
          "fillcolor": "White",
          "fontname": "Calibri",
          "fontsize": "10",
          "style": "filled"
        },
        "viewSwitches": [
          "yes",
          "yes",
          "no",
          "yes"
        ]
      },
      {
        "row": 26,
        "hidden": false,
        "height": 21,
        "name": "Flow",
        "type": "edge",
        "format": {
          "fontname": "Calibri",
          "fontsize": "10",
          "weight": "10"
        },
        "viewSwitches": [
          "yes",
          "yes",
          "yes",
          "no"
        ]
      },
      {
        "row": 27,
        "hidden": false,
        "height": 30,
        "name": "Flow - Dotted",
        "type": "edge",
        "format": {
          "fontname": "Calibri",
          "fontsize": "10",
          "weight": "100",
          "decorate": "false",
          "style": "dotted",
          "arrowhead": "none"
        },
        "viewSwitches": [
          "yes",
          "yes",
          "yes",
          "no"
        ]
      },
      {
        "row": 28,
        "hidden": false,
        "height": 30,
        "name": "Flow - Negative",
        "type": "edge",
        "format": {
          "fontname": "Calibri",
          "fontsize": "10",
          "weight": "100",
          "decorate": "false",
          "color": "red",
          "fontcolor": "red"
        },
        "viewSwitches": [
          "yes",
          "yes",
          "yes",
          "no"
        ]
      },
      {
        "row": 29,
        "hidden": false,
        "height": 30,
        "name": "Flow - Positive",
        "type": "edge",
        "format": {
          "fontname": "Calibri",
          "fontsize": "10",
          "weight": "100",
          "decorate": "false",
          "color": "darkgreen",
          "fontcolor": "darkgreen"
        },
        "viewSwitches": [
          "yes",
          "yes",
          "yes",
          "no"
        ]
      },
      {
        "row": 30,
        "hidden": false,
        "height": 61.5,
        "name": "Input",
        "type": "node",
        "format": {
          "shape": "parallelogram",
          "height": "0.75",
          "width": "1.25",
          "fixedsize": "True",
          "fillcolor": "White",
          "fontname": "Calibri",
          "fontsize": "10",
          "style": "filled"
        },
        "viewSwitches": [
          "yes",
          "yes",
          "no",
          "yes"
        ]
      },
      {
        "row": 31,
        "hidden": false,
        "height": 25.5,
        "name": "Invisible Edge",
        "type": "edge",
        "format": {
          "style": "invis",
          "color": "Invis"
        },
        "viewSwitches": [
          "yes",
          "yes",
          "yes",
          "no"
        ]
      },
      {
        "row": 32,
        "hidden": false,
        "height": 19.5,
        "name": "Invisible Point",
        "type": "node",
        "format": {
          "shape": "point",
          "fillcolor": "Invis",
          "color": "Invis",
          "style": "filled"
        },
        "viewSwitches": [
          "yes",
          "yes",
          "no",
          "yes"
        ]
      },
      {
        "row": 33,
        "hidden": false,
        "height": 61.5,
        "name": "Manual Operation",
        "type": "node",
        "format": {
          "shape": "invtrapezium",
          "height": "0.75",
          "width": "1.25",
          "fixedsize": "True",
          "fillcolor": "White",
          "fontname": "Calibri",
          "fontsize": "10",
          "style": "filled"
        },
        "viewSwitches": [
          "yes",
          "yes",
          "no",
          "yes"
        ]
      },
      {
        "row": 34,
        "hidden": false,
        "height": 61.5,
        "name": "Merge",
        "type": "node",
        "format": {
          "shape": "invtriangle",
          "height": "0.75",
          "width": "1.25",
          "fixedsize": "True",
          "fillcolor": "White",
          "fontname": "Calibri",
          "fontsize": "10",
          "style": "filled"
        },
        "viewSwitches": [
          "yes",
          "yes",
          "no",
          "yes"
        ]
      },
      {
        "row": 35,
        "hidden": false,
        "height": 52.5,
        "name": "Off Page Reference",
        "type": "node",
        "format": {
          "shape": "invhouse",
          "height": "0.625",
          "width": "0.625",
          "fixedsize": "True",
          "fillcolor": "White",
          "fontname": "Calibri",
          "fontsize": "10",
          "style": "filled"
        },
        "viewSwitches": [
          "yes",
          "yes",
          "no",
          "yes"
        ]
      },
      {
        "row": 36,
        "hidden": false,
        "height": 52.5,
        "name": "On Page Reference",
        "type": "node",
        "format": {
          "shape": "circle",
          "height": "0.625",
          "width": "0.625",
          "fixedsize": "True",
          "fillcolor": "White",
          "fontname": "Calibri",
          "fontsize": "10",
          "style": "filled"
        },
        "viewSwitches": [
          "yes",
          "yes",
          "no",
          "yes"
        ]
      },
      {
        "row": 37,
        "hidden": false,
        "height": 61.5,
        "name": "Output",
        "type": "node",
        "format": {
          "shape": "parallelogram",
          "height": "0.75",
          "width": "1.25",
          "fixedsize": "True",
          "fillcolor": "White",
          "fontname": "Calibri",
          "fontsize": "10",
          "style": "filled"
        },
        "viewSwitches": [
          "yes",
          "yes",
          "no",
          "yes"
        ]
      },
      {
        "row": 38,
        "hidden": false,
        "height": 19.5,
        "name": "Point",
        "type": "node",
        "format": {
          "shape": "point"
        },
        "viewSwitches": [
          "yes",
          "yes",
          "no",
          "yes"
        ]
      },
      {
        "row": 39,
        "hidden": false,
        "height": 61.5,
        "name": "Predefined Process",
        "type": "node",
        "format": {
          "shape": "rectangle",
          "height": "0.75",
          "width": "1.25",
          "fixedsize": "True",
          "fillcolor": "White",
          "fontname": "Calibri",
          "fontsize": "10",
          "style": "diagonals,filled"
        },
        "viewSwitches": [
          "yes",
          "yes",
          "no",
          "yes"
        ]
      },
      {
        "row": 40,
        "hidden": false,
        "height": 61.5,
        "name": "Preparation",
        "type": "node",
        "format": {
          "shape": "hexagon",
          "height": "0.75",
          "width": "1.25",
          "fixedsize": "True",
          "fillcolor": "White",
          "fontname": "Calibri",
          "fontsize": "10",
          "style": "filled"
        },
        "viewSwitches": [
          "yes",
          "yes",
          "no",
          "yes"
        ]
      },
      {
        "row": 41,
        "hidden": false,
        "height": 61.5,
        "name": "Process",
        "type": "node",
        "format": {
          "shape": "rect",
          "height": "0.75",
          "width": "1.25",
          "fixedsize": "True",
          "fillcolor": "White",
          "fontname": "Calibri",
          "fontsize": "10",
          "style": "filled"
        },
        "viewSwitches": [
          "yes",
          "yes",
          "no",
          "yes"
        ]
      },
      {
        "row": 42,
        "hidden": false,
        "height": 61.5,
        "name": "Stop",
        "type": "node",
        "format": {
          "shape": "octagon",
          "height": "0.75",
          "width": "0.75",
          "fixedsize": "True",
          "color": "Red",
          "fillcolor": "white",
          "fontname": "Calibri",
          "fontsize": "10",
          "style": "filled"
        },
        "viewSwitches": [
          "yes",
          "yes",
          "no",
          "yes"
        ]
      },
      {
        "row": 43,
        "hidden": false,
        "height": 25.5,
        "name": "edge-with-style",
        "type": "edge",
        "format": {
          "style": "dashed",
          "color": "red",
          "penwidth": "3"
        },
        "viewSwitches": [
          "yes",
          "yes",
          "yes",
          "no"
        ]
      },
      {
        "row": 44,
        "hidden": false,
        "height": 79.5,
        "name": "node-with-shape",
        "type": "node",
        "format": {
          "shape": "polygon",
          "sides": "5",
          "color": "navy",
          "fillcolor": "khaki1",
          "fixedsize": "True",
          "fontcolor": "red",
          "fontname": "Arial",
          "style": "filled",
          "height": "1.00",
          "width": "1.00"
        },
        "viewSwitches": [
          "yes",
          "yes",
          "no",
          "yes"
        ]
      },
      {
        "row": 45,
        "hidden": false,
        "height": 115.5,
        "name": "node-with-image",
        "type": "node",
        "format": {
          "shape": "none",
          "fixedsize": "True",
          "fontcolor": "red",
          "height": "1.50",
          "width": "1.50",
          "image": "Computer_Programmer.png"
        },
        "viewSwitches": [
          "yes",
          "yes",
          "no",
          "yes"
        ]
      }
    ],
    "sql": [
      {
        "row": 2,
        "hidden": false,
        "height": 15,
        "filters": [
          null,
          null,
          null,
          null,
          null,
          null,
          null,
          null,
          null,
          null,
          null,
          null,
          null,
          null,
          null,
          null,
          null,
          null,
          null,
          null,
          null,
          null
        ]
      },
      {
        "row": 3,
        "hidden": false,
        "height": 15,
        "filters": [
          null,
          null,
          null,
          null,
          null,
          null,
          null,
          null,
          null,
          null,
          null,
          null,
          null,
          null,
          null,
          null,
          null,
          null,
          null,
          null,
          null,
          null
        ]
      },
      {
        "row": 4,
        "hidden": false,
        "height": 15,
        "filters": [
          null,
          null,
          null,
          null,
          null,
          null,
          null,
          null,
          null,
          null,
          null,
          null,
          null,
          null,
          null,
          null,
          null,
          null,
          null,
          null,
          null,
          null
        ]
      },
      {
        "row": 5,
        "hidden": false,
        "height": 15,
        "filters": [
          null,
          null,
          null,
          null,
          null,
          null,
          null,
          null,
          null,
          null,
          null,
          null,
          null,
          null,
          null,
          null,
          null,
          null,
          null,
          null,
          null,
          null
        ]
      },
      {
        "row": 6,
        "hidden": false,
        "height": 15,
        "filters": [
          null,
          null,
          null,
          null,
          null,
          null,
          null,
          null,
          null,
          null,
          null,
          null,
          null,
          null,
          null,
          null,
          null,
          null,
          null,
          null,
          null,
          null
        ]
      },
      {
        "row": 7,
        "hidden": false,
        "height": 15,
        "filters": [
          null,
          null,
          null,
          null,
          null,
          null,
          null,
          null,
          null,
          null,
          null,
          null,
          null,
          null,
          null,
          null,
          null,
          null,
          null,
          null,
          null,
          null
        ]
      },
      {
        "row": 8,
        "hidden": false,
        "height": 15,
        "filters": [
          null,
          null,
          null,
          null,
          null,
          null,
          null,
          null,
          null,
          null,
          null,
          null,
          null,
          null,
          null,
          null,
          null,
          null,
          null,
          null,
          null,
          null
        ]
      },
      {
        "row": 9,
        "hidden": false,
        "height": 15,
        "filters": [
          null,
          null,
          null,
          null,
          null,
          null,
          null,
          null,
          null,
          null,
          null,
          null,
          null,
          null,
          null,
          null,
          null,
          null,
          null,
          null,
          null,
          null
        ]
      },
      {
        "row": 10,
        "hidden": false,
        "height": 15,
        "filters": [
          null,
          null,
          null,
          null,
          null,
          null,
          null,
          null,
          null,
          null,
          null,
          null,
          null,
          null,
          null,
          null,
          null,
          null,
          null,
          null,
          null,
          null
        ]
      },
      {
        "row": 11,
        "hidden": false,
        "height": 15,
        "filters": [
          null,
          null,
          null,
          null,
          null,
          null,
          null,
          null,
          null,
          null,
          null,
          null,
          null,
          null,
          null,
          null,
          null,
          null,
          null,
          null,
          null,
          null
        ]
      },
      {
        "row": 12,
        "hidden": false,
        "height": 15,
        "filters": [
          null,
          null,
          null,
          null,
          null,
          null,
          null,
          null,
          null,
          null,
          null,
          null,
          null,
          null,
          null,
          null,
          null,
          null,
          null,
          null,
          null,
          null
        ]
      },
      {
        "row": 13,
        "hidden": false,
        "height": 15,
        "filters": [
          null,
          null,
          null,
          null,
          null,
          null,
          null,
          null,
          null,
          null,
          null,
          null,
          null,
          null,
          null,
          null,
          null,
          null,
          null,
          null,
          null,
          null
        ]
      },
      {
        "row": 14,
        "hidden": false,
        "height": 15,
        "filters": [
          null,
          null,
          null,
          null,
          null,
          null,
          null,
          null,
          null,
          null,
          null,
          null,
          null,
          null,
          null,
          null,
          null,
          null,
          null,
          null,
          null,
          null
        ]
      },
      {
        "row": 15,
        "hidden": false,
        "height": 15,
        "filters": [
          null,
          null,
          null,
          null,
          null,
          null,
          null,
          null,
          null,
          null,
          null,
          null,
          null,
          null,
          null,
          null,
          null,
          null,
          null,
          null,
          null,
          null
        ]
      },
      {
        "row": 16,
        "hidden": false,
        "height": 15,
        "filters": [
          null,
          null,
          null,
          null,
          null,
          null,
          null,
          null,
          null,
          null,
          null,
          null,
          null,
          null,
          null,
          null,
          null,
          null,
          null,
          null,
          null,
          null
        ]
      },
      {
        "row": 17,
        "hidden": false,
        "height": 15,
        "filters": [
          null,
          null,
          null,
          null,
          null,
          null,
          null,
          null,
          null,
          null,
          null,
          null,
          null,
          null,
          null,
          null,
          null,
          null,
          null,
          null,
          null,
          null
        ]
      },
      {
        "row": 18,
        "hidden": false,
        "height": 15,
        "filters": [
          null,
          null,
          null,
          null,
          null,
          null,
          null,
          null,
          null,
          null,
          null,
          null,
          null,
          null,
          null,
          null,
          null,
          null,
          null,
          null,
          null,
          null
        ]
      },
      {
        "row": 19,
        "hidden": false,
        "height": 15,
        "filters": [
          null,
          null,
          null,
          null,
          null,
          null,
          null,
          null,
          null,
          null,
          null,
          null,
          null,
          null,
          null,
          null,
          null,
          null,
          null,
          null,
          null,
          null
        ]
      },
      {
        "row": 20,
        "hidden": false,
        "height": 15,
        "filters": [
          null,
          null,
          null,
          null,
          null,
          null,
          null,
          null,
          null,
          null,
          null,
          null,
          null,
          null,
          null,
          null,
          null,
          null,
          null,
          null,
          null,
          null
        ]
      },
      {
        "row": 21,
        "hidden": false,
        "height": 15,
        "filters": [
          null,
          null,
          null,
          null,
          null,
          null,
          null,
          null,
          null,
          null,
          null,
          null,
          null,
          null,
          null,
          null,
          null,
          null,
          null,
          null,
          null,
          null
        ]
      },
      {
        "row": 22,
        "hidden": false,
        "height": 15,
        "filters": [
          null,
          null,
          null,
          null,
          null,
          null,
          null,
          null,
          null,
          null,
          null,
          null,
          null,
          null,
          null,
          null,
          null,
          null,
          null,
          null,
          null,
          null
        ]
      },
      {
        "row": 23,
        "hidden": false,
        "height": 15,
        "filters": [
          null,
          null,
          null,
          null,
          null,
          null,
          null,
          null,
          null,
          null,
          null,
          null,
          null,
          null,
          null,
          null,
          null,
          null,
          null,
          null,
          null,
          null
        ]
      },
      {
        "row": 24,
        "hidden": false,
        "height": 15,
        "filters": [
          null,
          null,
          null,
          null,
          null,
          null,
          null,
          null,
          null,
          null,
          null,
          null,
          null,
          null,
          null,
          null,
          null,
          null,
          null,
          null,
          null,
          null
        ]
      },
      {
        "row": 25,
        "hidden": false,
        "height": 15,
        "filters": [
          null,
          null,
          null,
          null,
          null,
          null,
          null,
          null,
          null,
          null,
          null,
          null,
          null,
          null,
          null,
          null,
          null,
          null,
          null,
          null,
          null,
          null
        ]
      },
      {
        "row": 26,
        "hidden": false,
        "height": 15,
        "filters": [
          null,
          null,
          null,
          null,
          null,
          null,
          null,
          null,
          null,
          null,
          null,
          null,
          null,
          null,
          null,
          null,
          null,
          null,
          null,
          null,
          null,
          null
        ]
      },
      {
        "row": 27,
        "hidden": false,
        "height": 15,
        "filters": [
          null,
          null,
          null,
          null,
          null,
          null,
          null,
          null,
          null,
          null,
          null,
          null,
          null,
          null,
          null,
          null,
          null,
          null,
          null,
          null,
          null,
          null
        ]
      },
      {
        "row": 28,
        "hidden": false,
        "height": 15,
        "filters": [
          null,
          null,
          null,
          null,
          null,
          null,
          null,
          null,
          null,
          null,
          null,
          null,
          null,
          null,
          null,
          null,
          null,
          null,
          null,
          null,
          null,
          null
        ]
      },
      {
        "row": 29,
        "hidden": false,
        "height": 15,
        "filters": [
          null,
          null,
          null,
          null,
          null,
          null,
          null,
          null,
          null,
          null,
          null,
          null,
          null,
          null,
          null,
          null,
          null,
          null,
          null,
          null,
          null,
          null
        ]
      },
      {
        "row": 30,
        "hidden": false,
        "height": 15,
        "filters": [
          null,
          null,
          null,
          null,
          null,
          null,
          null,
          null,
          null,
          null,
          null,
          null,
          null,
          null,
          null,
          null,
          null,
          null,
          null,
          null,
          null,
          null
        ]
      },
      {
        "row": 31,
        "hidden": false,
        "height": 15,
        "filters": [
          null,
          null,
          null,
          null,
          null,
          null,
          null,
          null,
          null,
          null,
          null,
          null,
          null,
          null,
          null,
          null,
          null,
          null,
          null,
          null,
          null,
          null
        ]
      },
      {
        "row": 32,
        "hidden": false,
        "height": 15,
        "filters": [
          null,
          null,
          null,
          null,
          null,
          null,
          null,
          null,
          null,
          null,
          null,
          null,
          null,
          null,
          null,
          null,
          null,
          null,
          null,
          null,
          null,
          null
        ]
      },
      {
        "row": 33,
        "hidden": false,
        "height": 15,
        "filters": [
          null,
          null,
          null,
          null,
          null,
          null,
          null,
          null,
          null,
          null,
          null,
          null,
          null,
          null,
          null,
          null,
          null,
          null,
          null,
          null,
          null,
          null
        ]
      },
      {
        "row": 34,
        "hidden": false,
        "height": 15,
        "filters": [
          null,
          null,
          null,
          null,
          null,
          null,
          null,
          null,
          null,
          null,
          null,
          null,
          null,
          null,
          null,
          null,
          null,
          null,
          null,
          null,
          null,
          null
        ]
      },
      {
        "row": 35,
        "hidden": false,
        "height": 15,
        "filters": [
          null,
          null,
          null,
          null,
          null,
          null,
          null,
          null,
          null,
          null,
          null,
          null,
          null,
          null,
          null,
          null,
          null,
          null,
          null,
          null,
          null,
          null
        ]
      },
      {
        "row": 36,
        "hidden": false,
        "height": 15,
        "filters": [
          null,
          null,
          null,
          null,
          null,
          null,
          null,
          null,
          null,
          null,
          null,
          null,
          null,
          null,
          null,
          null,
          null,
          null,
          null,
          null,
          null,
          null
        ]
      },
      {
        "row": 37,
        "hidden": false,
        "height": 15,
        "filters": [
          null,
          null,
          null,
          null,
          null,
          null,
          null,
          null,
          null,
          null,
          null,
          null,
          null,
          null,
          null,
          null,
          null,
          null,
          null,
          null,
          null,
          null
        ]
      },
      {
        "row": 38,
        "hidden": false,
        "height": 15,
        "filters": [
          null,
          null,
          null,
          null,
          null,
          null,
          null,
          null,
          null,
          null,
          null,
          null,
          null,
          null,
          null,
          null,
          null,
          null,
          null,
          null,
          null,
          null
        ]
      },
      {
        "row": 39,
        "hidden": false,
        "height": 15,
        "filters": [
          null,
          null,
          null,
          null,
          null,
          null,
          null,
          null,
          null,
          null,
          null,
          null,
          null,
          null,
          null,
          null,
          null,
          null,
          null,
          null,
          null,
          null
        ]
      },
      {
        "row": 40,
        "hidden": false,
        "height": 15,
        "filters": [
          null,
          null,
          null,
          null,
          null,
          null,
          null,
          null,
          null,
          null,
          null,
          null,
          null,
          null,
          null,
          null,
          null,
          null,
          null,
          null,
          null,
          null
        ]
      },
      {
        "row": 41,
        "hidden": false,
        "height": 15,
        "filters": [
          null,
          null,
          null,
          null,
          null,
          null,
          null,
          null,
          null,
          null,
          null,
          null,
          null,
          null,
          null,
          null,
          null,
          null,
          null,
          null,
          null,
          null
        ]
      },
      {
        "row": 42,
        "hidden": false,
        "height": 15,
        "filters": [
          null,
          null,
          null,
          null,
          null,
          null,
          null,
          null,
          null,
          null,
          null,
          null,
          null,
          null,
          null,
          null,
          null,
          null,
          null,
          null,
          null,
          null
        ]
      },
      {
        "row": 43,
        "hidden": false,
        "height": 15,
        "filters": [
          null,
          null,
          null,
          null,
          null,
          null,
          null,
          null,
          null,
          null,
          null,
          null,
          null,
          null,
          null,
          null,
          null,
          null,
          null,
          null,
          null,
          null
        ]
      },
      {
        "row": 44,
        "hidden": false,
        "height": 15,
        "filters": [
          null,
          null,
          null,
          null,
          null,
          null,
          null,
          null,
          null,
          null,
          null,
          null,
          null,
          null,
          null,
          null,
          null,
          null,
          null,
          null,
          null,
          null
        ]
      },
      {
        "row": 45,
        "hidden": false,
        "height": 15,
        "filters": [
          null,
          null,
          null,
          null,
          null,
          null,
          null,
          null,
          null,
          null,
          null,
          null,
          null,
          null,
          null,
          null,
          null,
          null,
          null,
          null,
          null,
          null
        ]
      },
      {
        "row": 46,
        "hidden": false,
        "height": 15,
        "filters": [
          null,
          null,
          null,
          null,
          null,
          null,
          null,
          null,
          null,
          null,
          null,
          null,
          null,
          null,
          null,
          null,
          null,
          null,
          null,
          null,
          null,
          null
        ]
      },
      {
        "row": 47,
        "hidden": false,
        "height": 15,
        "filters": [
          null,
          null,
          null,
          null,
          null,
          null,
          null,
          null,
          null,
          null,
          null,
          null,
          null,
          null,
          null,
          null,
          null,
          null,
          null,
          null,
          null,
          null
        ]
      },
      {
        "row": 48,
        "hidden": false,
        "height": 15,
        "filters": [
          null,
          null,
          null,
          null,
          null,
          null,
          null,
          null,
          null,
          null,
          null,
          null,
          null,
          null,
          null,
          null,
          null,
          null,
          null,
          null,
          null,
          null
        ]
      },
      {
        "row": 49,
        "hidden": false,
        "height": 15,
        "filters": [
          null,
          null,
          null,
          null,
          null,
          null,
          null,
          null,
          null,
          null,
          null,
          null,
          null,
          null,
          null,
          null,
          null,
          null,
          null,
          null,
          null,
          null
        ]
      },
      {
        "row": 50,
        "hidden": false,
        "height": 15,
        "filters": [
          null,
          null,
          null,
          null,
          null,
          null,
          null,
          null,
          null,
          null,
          null,
          null,
          null,
          null,
          null,
          null,
          null,
          null,
          null,
          null,
          null,
          null
        ]
      },
      {
        "row": 51,
        "hidden": false,
        "height": 15,
        "filters": [
          null,
          null,
          null,
          null,
          null,
          null,
          null,
          null,
          null,
          null,
          null,
          null,
          null,
          null,
          null,
          null,
          null,
          null,
          null,
          null,
          null,
          null
        ]
      },
      {
        "row": 52,
        "hidden": false,
        "height": 15,
        "filters": [
          null,
          null,
          null,
          null,
          null,
          null,
          null,
          null,
          null,
          null,
          null,
          null,
          null,
          null,
          null,
          null,
          null,
          null,
          null,
          null,
          null,
          null
        ]
      },
      {
        "row": 53,
        "hidden": false,
        "height": 15,
        "filters": [
          null,
          null,
          null,
          null,
          null,
          null,
          null,
          null,
          null,
          null,
          null,
          null,
          null,
          null,
          null,
          null,
          null,
          null,
          null,
          null,
          null,
          null
        ]
      }
    ]
  },
  "settings": {
    "data": {
      "graphToWorksheet": {
        "runMode": "manual",
        "imageType": "png",
        "imageWorksheet": "graph",
        "scaleImage": 100
      },
      "graphToFile": {
        "directory": "C:\\data\\local\\rv\\v8.0.00\\Relationship Visualizer\\samples\\01 - Basic Examples",
        "fileNamePrefix": "Graph",
        "imageType": "pdf",
        "appendOptions": false,
        "appendTimeStamp": false
      },
      "layout": {
        "engine": "dot",
        "direction": "top to bottom",
        "rankdir": "TB",
        "splines": "spline"
      },
      "options": {
        "graph": {
          "center": false,
          "clusterRank": "",
          "compound": false,
          "dim": "",
          "dimen": "",
          "forceLabels": false,
          "graphType": "directed",
          "mode": "",
          "model": "",
          "newrank": false,
          "ordering": "",
          "orientation": false,
          "outputOrder": "",
          "overlap": "",
          "smoothing": "",
          "transparentBackground": false,
          "includeImagePath": true
        },
        "nodes": {
          "includeOrphanNodes": true,
          "includeNodeLabels": true,
          "includeNodeXLabels": true,
          "blankNodeLabels": "default"
        },
        "edges": {
          "addStrict": true,
          "concentrate": false,
          "includeOrphanEdges": true,
          "includeEdgeHeadLabels": true,
          "includeEdgeLabels": true,
          "includeEdgeXLabels": true,
          "includeEdgeTailLabels": true,
          "includeEdgePorts": true,
          "blankEdgeLabels": "blank"
        }
      },
      "styles": {
        "selectedViewColumn": "E",
        "includeStyleFormat": true,
        "includeExtraAttributes": true,
        "suffixOpen": "Begin",
        "suffixClose": "End"
      },
      "debug": {
        "debug": "off",
        "fileDisposition": "delete"
      },
      "columns": {
        "flag": "show",
        "item": "show",
        "label": "show",
        "outsideLabel": "show",
        "tailLabel": "show",
        "headLabel": "show",
        "relatedItem": "show",
        "styleName": "show",
        "extraAttributes": "show",
        "message": "hide"
      },
      "language": {
        "language": "locale_en-US"
      },
      "console": {
        "logToConsole": true,
        "appendConsole": false,
        "graphvizVerbose": false
      },
      "worksheets": {
        "about": "hide",
        "attributes": "hide",
        "colors": "hide",
        "console": "hide",
        "diagnostics": "hide",
        "exchange": "show",
        "lists": "hide",
        "locale_de-DE": "hide",
        "locale_en-GB": "hide",
        "locale_en-US": "hide",
        "locale_fr-FR": "hide",
        "locale_it-IT": "hide",
        "locale_pl-PL": "hide",
        "settings": "hide",
        "shapes": "hide",
        "source": "show",
        "sql": "hide",
        "styleDesigner": "hide",
        "styles": "show",
        "svg": "hide"
      }
    },
    "graph": {
      "zoom": 100
    },
    "settings": {
      "graphvizPath": "",
      "imagePath": "C:\\data\\local\\rv\\v8.0.00\\Relationship Visualizer\\samples\\01 - Basic Examples",
      "additionalGraphOptions": "",
      "pictureName": "",
      "additionalCmdParameters": ""
    },
    "source": {
      "indent": 4,
      "buttons": [
        {
          "id": "SourceWeb1",
          "buttonText": "Graphviz Fiddle",
          "url": "http://stamm-wilbrandt.de/GraphvizFiddle/",
          "screenTip": "On-line code editor for Graphviz",
          "superTip": "GraphvizFiddle draws DOT language [directed] graphs. It is a dual-view Graphviz editor and playground for Graphviz written by Hermann Stamm-Wilbrandt.",
          "visible": "show"
        },
        {
          "id": "SourceWeb2",
          "buttonText": "Pocket Reference",
          "url": "http://graphs.grevian.org/graph",
          "screenTip": "On-line code editor for Graphviz",
          "superTip": "An on-line code editor for Graphviz written by Josh Hayes-Sheen for Computer Science students.",
          "visible": "show"
        },
        {
          "id": "SourceWeb3",
          "buttonText": "Graphviz Online",
          "url": "http://dreampuf.github.io/GraphvizOnline/",
          "screenTip": "On-line code editor for Graphviz",
          "superTip": "Online Graphviz editor with syntax higlighting.",
          "visible": "show"
        },
        {
          "id": "SourceWeb4",
          "visible": "hide"
        },
        {
          "id": "SourceWeb5",
          "visible": "hide"
        },
        {
          "id": "SourceWeb6",
          "visible": "hide"
        }
      ]
    },
    "sql": {
      "cluster": "cluster",
      "clusterLabel": "cluster label",
      "clusterStyleName": "cluster style name",
      "clusterAttributes": "cluster attributes",
      "clusterTooltip": "cluster tooltip",
      "clusterPlaceholder": "%clc%",
      "subcluster": "subcluster",
      "subclusterLabel": "subcluster label",
      "subclusterStyleName": "subcluster style name",
      "subclusterAttributes": "subcluster attributes",
      "subclusterTooltip": "subcluster tooltip",
      "subclusterPlaceholder": "%scc%",
      "recordsetPlaceholder": "%rsc%",
      "splitLength": "SPLIT LENGTH",
      "lineEnding": "LINE ENDING",
      "filterColumn": "",
      "filterValue": ""
    },
    "extensions": {
      "tabName": "Extensions",
      "customCode": {
        "groupName": "Custom Code",
        "buttons": [
          {
            "id": "ExtCode1",
            "visible": "hide"
          },
          {
            "id": "ExtCode2",
            "visible": "hide"
          },
          {
            "id": "ExtCode3",
            "visible": "hide"
          },
          {
            "id": "ExtCode4",
            "visible": "hide"
          },
          {
            "id": "ExtCode5",
            "visible": "hide"
          },
          {
            "id": "ExtCode6",
            "visible": "hide"
          }
        ]
      },
      "webResources": {
        "groupName": "Web Resources",
        "buttons": [
          {
            "id": "ExtWeb1",
            "visible": "hide"
          },
          {
            "id": "ExtWeb2",
            "visible": "hide"
          },
          {
            "id": "ExtWeb3",
            "visible": "hide"
          },
          {
            "id": "ExtWeb4",
            "visible": "hide"
          },
          {
            "id": "ExtWeb5",
            "visible": "hide"
          },
          {
            "id": "ExtWeb6",
            "visible": "hide"
          }
        ]
      }
    }
  },
  "layouts": {
    "data": {
      "rows": [
        {
          "id": "heading",
          "row": 1,
          "height": 15,
          "hidden": false
        },
        {
          "id": "first",
          "row": 2,
          "height": 15,
          "hidden": false
        }
      ],
      "columns": [
        {
          "id": "flag",
          "column": 1,
          "heading": "",
          "width": 1.86,
          "hidden": false,
          "wrapText": false
        },
        {
          "id": "item",
          "column": 2,
          "heading": "Item",
          "width": 27,
          "hidden": false,
          "wrapText": false
        },
        {
          "id": "label",
          "column": 4,
          "heading": "Label",
          "width": 27,
          "hidden": false,
          "wrapText": true
        },
        {
          "id": "outsideLabel",
          "column": 5,
          "heading": "Outside Label",
          "width": 27,
          "hidden": false,
          "wrapText": true
        },
        {
          "id": "tailLabel",
          "column": 3,
          "heading": "Tail Label",
          "width": 27,
          "hidden": false,
          "wrapText": true
        },
        {
          "id": "headLabel",
          "column": 6,
          "heading": "Head Label",
          "width": 27,
          "hidden": false,
          "wrapText": true
        },
        {
          "id": "tooltip",
          "column": 7,
          "heading": "Tooltip",
          "width": 0,
          "hidden": true,
          "wrapText": true
        },
        {
          "id": "relatedItem",
          "column": 8,
          "heading": "Is Related To Item",
          "width": 27,
          "hidden": false,
          "wrapText": true
        },
        {
          "id": "styleName",
          "column": 9,
          "heading": "Style Name",
          "width": 27,
          "hidden": false,
          "wrapText": true
        },
        {
          "id": "extraAttributes",
          "column": 10,
          "heading": "Extra Attributes",
          "width": 27,
          "hidden": false,
          "wrapText": true
        },
        {
          "id": "message",
          "column": 11,
          "heading": "Messages",
          "width": 0,
          "hidden": true,
          "wrapText": false
        },
        {
          "id": "graphDisplayColumn",
          "column": 12,
          "heading": "",
          "width": 8.43,
          "hidden": false,
          "wrapText": true
        }
      ]
    },
    "styles": {
      "rows": [
        {
          "id": "heading",
          "row": 1,
          "height": 56.25,
          "hidden": false
        },
        {
          "id": "first",
          "row": 2,
          "height": 43.5,
          "hidden": false
        }
      ],
      "columns": [
        {
          "id": "flag",
          "column": 1,
          "heading": "",
          "width": 1.86,
          "hidden": false,
          "wrapText": true
        },
        {
          "id": "name",
          "column": 2,
          "heading": "Style Name",
          "width": 21,
          "hidden": false,
          "wrapText": true
        },
        {
          "id": "format",
          "column": 3,
          "heading": "Style Format",
          "width": 50.86,
          "hidden": false,
          "wrapText": true
        },
        {
          "id": "type",
          "column": 4,
          "heading": "Style Type",
          "width": 16.57,
          "hidden": false,
          "wrapText": null
        },
        {
          "id": "view0",
          "column": 5,
          "heading": "All Styles",
          "width": 7.29,
          "hidden": false,
          "wrapText": null
        },
        {
          "id": "view1",
          "column": 6,
          "heading": "No Clusters",
          "width": 7.29,
          "hidden": false,
          "wrapText": null
        },
        {
          "id": "view2",
          "column": 7,
          "heading": "Edges Only",
          "width": 7.29,
          "hidden": false,
          "wrapText": null
        },
        {
          "id": "view3",
          "column": 8,
          "heading": "Nodes Only",
          "width": 7.29,
          "hidden": false,
          "wrapText": null
        }
      ],
      "ranges": [
        {
        }
      ]
    },
    "sql": {
      "rows": [
        {
          "id": "heading",
          "row": 1,
          "height": 12.75,
          "hidden": false
        },
        {
          "id": "first",
          "row": 2,
          "height": 15,
          "hidden": false
        }
      ],
      "columns": [
        {
          "id": "flag",
          "column": 1,
          "heading": "",
          "width": 1.86,
          "hidden": false,
          "wrapText": false
        },
        {
          "id": "sqlStatement",
          "column": 2,
          "heading": "SQL SELECT Statement",
          "width": 55,
          "hidden": false,
          "wrapText": false
        },
        {
          "id": "excelFile",
          "column": 3,
          "heading": "Excel data file (.xlsx, .xlsm, .xlsb, or .xls only)",
          "width": 34.86,
          "hidden": false,
          "wrapText": true
        },
        {
          "id": "status",
          "column": 4,
          "heading": "Status",
          "width": 21.43,
          "hidden": false,
          "wrapText": true
        }
      ]
    },
    "svg": {
      "rows": [
        {
          "id": "heading",
          "row": 1,
          "height": 12.75,
          "hidden": false
        },
        {
          "id": "first",
          "row": 2,
          "height": 12,
          "hidden": false
        }
      ],
      "columns": [
        {
          "id": "flag",
          "column": 1,
          "heading": "",
          "width": 1.71,
          "hidden": false,
          "wrapText": false
        },
        {
          "id": "find",
          "column": 2,
          "heading": "Find",
          "width": 50.43,
          "hidden": false,
          "wrapText": false
        },
        {
          "id": "replace",
          "column": 3,
          "heading": "Replace",
          "width": 149.29,
          "hidden": false,
          "wrapText": null
        }
      ]
    },
    "source": {
      "rows": [
        {
          "id": "heading",
          "row": 1,
          "height": 15,
          "hidden": false
        },
        {
          "id": "first",
          "row": 2,
          "height": 15,
          "hidden": false
        }
      ],
      "columns": [
        {
          "id": "lineNumber",
          "column": 1,
          "heading": "Line",
          "width": 6.57,
          "hidden": false,
          "wrapText": false
        },
        {
          "id": "source",
          "column": 2,
          "heading": "Graphviz Source",
          "width": 168,
          "hidden": false,
          "wrapText": true
        }
      ]
    }
  }
}