{
  "metadata": {
    "name": "E2GXF",
    "type": "Excel to Graphviz Exchange Format",
    "version": "1.0",
    "user": "Jeffrey Long",
    "date": "2022-12-22",
    "time": "16:07:24",
    "os": "Windows (64-bit) NT 10.00",
    "excel": "16.0",
    "filename": "Assorted Graphs.xlsm"
  },
  "content": {
    "data": [
      {
        "row": 2,
        "hidden": false,
        "height": 15,
        "enabled": false,
        "item": "Set the font and font size for clusters, nodes, and edges"
      },
      {
        "row": 3,
        "hidden": false,
        "height": 30,
        "item": "graph",
        "extraAttributes": {
          "fontname": "Arial",
          "fontsize": "12",
          "fontcolor": "red"
        }
      },
      {
        "row": 4,
        "hidden": false,
        "height": 15,
        "item": "node",
        "extraAttributes": {
          "fontname": "Arial"
        }
      },
      {
        "row": 5,
        "hidden": false,
        "height": 45,
        "item": "edge",
        "extraAttributes": {
          "fontname": "Arial",
          "fontsize": "8",
          "decorate": "true",
          "color": "blue"
        }
      },
      {
        "row": 6,
        "hidden": false,
        "height": 15,
        "enabled": false,
        "item": "Enable  'compound' graph attribute"
      },
      {
        "row": 7,
        "hidden": false,
        "height": 15,
        "item": ">",
        "label": "compound=\"true\""
      },
      {
        "row": 8,
        "hidden": false,
        "height": 15,
        "enabled": false,
        "item": "cluster0"
      },
      {
        "row": 9,
        "hidden": false,
        "height": 15,
        "item": "cluster0 {",
        "label": "cluster0"
      },
      {
        "row": 10,
        "hidden": false,
        "height": 15,
        "item": "a",
        "relatedItem": "b"
      },
      {
        "row": 11,
        "hidden": false,
        "height": 15,
        "item": "a",
        "relatedItem": "c"
      },
      {
        "row": 12,
        "hidden": false,
        "height": 15,
        "item": "b",
        "relatedItem": "d"
      },
      {
        "row": 13,
        "hidden": false,
        "height": 15,
        "item": "c",
        "relatedItem": "d"
      },
      {
        "row": 14,
        "hidden": false,
        "height": 15,
        "item": "}"
      },
      {
        "row": 15,
        "hidden": false,
        "height": 15,
        "enabled": false,
        "item": "cluster1"
      },
      {
        "row": 16,
        "hidden": false,
        "height": 15,
        "item": "cluster1 {",
        "label": "cluster1"
      },
      {
        "row": 17,
        "hidden": false,
        "height": 15,
        "item": "e",
        "relatedItem": "g"
      },
      {
        "row": 18,
        "hidden": false,
        "height": 15,
        "item": "e",
        "relatedItem": "f"
      },
      {
        "row": 19,
        "hidden": false,
        "height": 15,
        "item": "}"
      },
      {
        "row": 20,
        "hidden": false,
        "height": 15,
        "enabled": false,
        "item": "Edge scenarios"
      },
      {
        "row": 21,
        "hidden": false,
        "height": 45,
        "item": "d",
        "label": "cluster node\r\r\nto\r\r\ncluster node",
        "relatedItem": "e"
      },
      {
        "row": 22,
        "hidden": false,
        "height": 45,
        "item": "d",
        "label": "cluster node\r\r\nto\r\r\nnon-cluster node",
        "relatedItem": "h"
      },
      {
        "row": 23,
        "hidden": false,
        "height": 45,
        "item": "b",
        "label": "cluster node\r\r\nto\r\r\ncluster border",
        "relatedItem": "f",
        "extraAttributes": {
          "lhead": "cluster1"
        }
      },
      {
        "row": 24,
        "hidden": false,
        "height": 45,
        "item": "c",
        "label": "cluster border\r\r\nto\r\r\ncluster node",
        "relatedItem": "e",
        "extraAttributes": {
          "ltail": "cluster0"
        }
      },
      {
        "row": 25,
        "hidden": false,
        "height": 45,
        "item": "c",
        "label": "cluster border\r\r\nto\r\r\ncluster border",
        "relatedItem": "g",
        "extraAttributes": {
          "ltail": "cluster0",
          "lhead": "cluster1"
        }
      }
    ],
    "styles": [
      {
        "row": 2,
        "hidden": false,
        "height": 15,
        "name": "node",
        "type": "node",
        "viewSwitches": [
          "yes",
          "yes"
        ]
      },
      {
        "row": 3,
        "hidden": false,
        "height": 15,
        "name": "edge",
        "type": "edge",
        "viewSwitches": [
          "yes",
          "yes"
        ]
      },
      {
        "row": 4,
        "hidden": false,
        "height": 15,
        "name": "subgraph-open",
        "type": "subgraph-open",
        "viewSwitches": [
          "yes",
          "no"
        ]
      },
      {
        "row": 5,
        "hidden": false,
        "height": 15,
        "name": "subgraph-close",
        "type": "subgraph-close",
        "viewSwitches": [
          "yes",
          "no"
        ]
      },
      {
        "row": 6,
        "hidden": false,
        "height": 15,
        "name": "keyword",
        "type": "keyword",
        "viewSwitches": [
          "yes",
          "yes"
        ]
      },
      {
        "row": 7,
        "hidden": false,
        "height": 15,
        "name": "native",
        "type": "native",
        "viewSwitches": [
          "yes",
          "yes"
        ]
      },
      {
        "row": 8,
        "hidden": false,
        "height": 30,
        "name": "Border 0 Begin",
        "type": "subgraph-open",
        "format": {
          "penwidth": "2",
          "fontname": "Calibri Bold",
          "fontsize": "16",
          "margin": "18"
        },
        "viewSwitches": [
          "yes",
          "no"
        ]
      },
      {
        "row": 9,
        "hidden": false,
        "height": 15,
        "name": "Border 0 End",
        "type": "subgraph-close",
        "viewSwitches": [
          "yes",
          "no"
        ]
      },
      {
        "row": 10,
        "hidden": false,
        "height": 45,
        "name": "Border 1 Begin",
        "type": "subgraph-open",
        "format": {
          "penwidth": "1",
          "colorscheme": "pastel16",
          "fillcolor": "6",
          "fontname": "Calibri Bold",
          "fontsize": "12",
          "style": "filled",
          "margin": "18"
        },
        "viewSwitches": [
          "yes",
          "no"
        ]
      },
      {
        "row": 11,
        "hidden": false,
        "height": 15,
        "name": "Border 1 End",
        "type": "subgraph-close",
        "viewSwitches": [
          "yes",
          "no"
        ]
      },
      {
        "row": 12,
        "hidden": false,
        "height": 45,
        "name": "Border 2 Begin",
        "type": "subgraph-open",
        "format": {
          "penwidth": "1",
          "colorscheme": "pastel16",
          "fillcolor": "5",
          "fontname": "Calibri Bold",
          "fontsize": "12",
          "style": "filled",
          "margin": "18"
        },
        "viewSwitches": [
          "yes",
          "no"
        ]
      },
      {
        "row": 13,
        "hidden": false,
        "height": 15,
        "name": "Border 2 End",
        "type": "subgraph-close",
        "viewSwitches": [
          "yes",
          "no"
        ]
      },
      {
        "row": 14,
        "hidden": false,
        "height": 45,
        "name": "Border 3 Begin",
        "type": "subgraph-open",
        "format": {
          "penwidth": "1",
          "colorscheme": "pastel16",
          "fillcolor": "4",
          "fontname": "Calibri Bold",
          "fontsize": "12",
          "style": "filled",
          "margin": "18"
        },
        "viewSwitches": [
          "yes",
          "no"
        ]
      },
      {
        "row": 15,
        "hidden": false,
        "height": 15,
        "name": "Border 3 End",
        "type": "subgraph-close",
        "viewSwitches": [
          "yes",
          "no"
        ]
      },
      {
        "row": 16,
        "hidden": false,
        "height": 45,
        "name": "Border 4 Begin",
        "type": "subgraph-open",
        "format": {
          "penwidth": "1",
          "colorscheme": "pastel16",
          "fillcolor": "3",
          "fontname": "Calibri Bold",
          "fontsize": "12",
          "style": "filled",
          "margin": "18"
        },
        "viewSwitches": [
          "yes",
          "no"
        ]
      },
      {
        "row": 17,
        "hidden": false,
        "height": 15,
        "name": "Border 4 End",
        "type": "subgraph-close",
        "viewSwitches": [
          "yes",
          "no"
        ]
      },
      {
        "row": 18,
        "hidden": false,
        "height": 45,
        "name": "Border 5 Begin",
        "type": "subgraph-open",
        "format": {
          "penwidth": "1",
          "colorscheme": "pastel16",
          "fillcolor": "2",
          "fontname": "Calibri Bold",
          "fontsize": "12",
          "style": "filled",
          "margin": "18"
        },
        "viewSwitches": [
          "yes",
          "no"
        ]
      },
      {
        "row": 19,
        "hidden": false,
        "height": 15,
        "name": "Border 5 End",
        "type": "subgraph-close",
        "viewSwitches": [
          "yes",
          "no"
        ]
      },
      {
        "row": 20,
        "hidden": false,
        "height": 45,
        "name": "Component",
        "type": "node",
        "format": {
          "shape": "component",
          "height": "0.75",
          "width": "1.25",
          "fixedsize": "True",
          "fillcolor": "White",
          "fontname": "Calibri",
          "fontsize": "10",
          "style": "filled"
        },
        "viewSwitches": [
          "yes",
          "yes"
        ]
      },
      {
        "row": 21,
        "hidden": false,
        "height": 45,
        "name": "Decision",
        "type": "node",
        "format": {
          "shape": "diamond",
          "height": "0.75",
          "width": "1.25",
          "fixedsize": "True",
          "fillcolor": "White",
          "fontname": "Calibri",
          "fontsize": "10",
          "style": "filled"
        },
        "viewSwitches": [
          "yes",
          "yes"
        ]
      },
      {
        "row": 22,
        "hidden": false,
        "height": 45,
        "name": "Event",
        "type": "node",
        "format": {
          "shape": "rectangle",
          "height": "0.375",
          "width": "1.25",
          "fixedsize": "True",
          "fillcolor": "White",
          "fontname": "Calibri",
          "fontsize": "10",
          "style": "rounded,filled"
        },
        "viewSwitches": [
          "yes",
          "yes"
        ]
      },
      {
        "row": 23,
        "hidden": false,
        "height": 45,
        "name": "Extract",
        "type": "node",
        "format": {
          "shape": "triangle",
          "height": "0.75",
          "width": "1.25",
          "fixedsize": "True",
          "fillcolor": "White",
          "fontname": "Calibri",
          "fontsize": "10",
          "style": "filled"
        },
        "viewSwitches": [
          "yes",
          "yes"
        ]
      },
      {
        "row": 24,
        "hidden": false,
        "height": 45,
        "name": "File",
        "type": "node",
        "format": {
          "shape": "note",
          "height": "0.75",
          "width": "0.5",
          "fixedsize": "True",
          "fillcolor": "White",
          "fontname": "Calibri",
          "fontsize": "10",
          "style": "filled"
        },
        "viewSwitches": [
          "yes",
          "yes"
        ]
      },
      {
        "row": 25,
        "hidden": false,
        "height": 45,
        "name": "Folder",
        "type": "node",
        "format": {
          "shape": "folder",
          "height": "0.5",
          "width": "0.75",
          "fixedsize": "True",
          "fillcolor": "White",
          "fontname": "Calibri",
          "fontsize": "10",
          "style": "filled"
        },
        "viewSwitches": [
          "yes",
          "yes"
        ]
      },
      {
        "row": 26,
        "hidden": false,
        "height": 15,
        "name": "Flow",
        "type": "edge",
        "format": {
          "fontname": "Calibri",
          "fontsize": "10"
        },
        "viewSwitches": [
          "yes",
          "yes"
        ]
      },
      {
        "row": 27,
        "hidden": false,
        "height": 30,
        "name": "Flow - Dotted",
        "type": "edge",
        "format": {
          "fontname": "Calibri",
          "fontsize": "10",
          "weight": "100",
          "decorate": "false",
          "style": "dotted",
          "arrowsize": "0.5"
        },
        "viewSwitches": [
          "yes",
          "yes"
        ]
      },
      {
        "row": 28,
        "hidden": false,
        "height": 30,
        "name": "Flow - Negative",
        "type": "edge",
        "format": {
          "fontname": "Calibri",
          "fontsize": "10",
          "weight": "100",
          "decorate": "false",
          "color": "red",
          "fontcolor": "red"
        },
        "viewSwitches": [
          "yes",
          "yes"
        ]
      },
      {
        "row": 29,
        "hidden": false,
        "height": 45,
        "name": "Flow - Positive",
        "type": "edge",
        "format": {
          "fontname": "Calibri",
          "fontsize": "10",
          "weight": "100",
          "decorate": "false",
          "color": "darkgreen",
          "fontcolor": "darkgreen"
        },
        "viewSwitches": [
          "yes",
          "yes"
        ]
      },
      {
        "row": 30,
        "hidden": false,
        "height": 45,
        "name": "Input",
        "type": "node",
        "format": {
          "shape": "parallelogram",
          "height": "0.75",
          "width": "1.25",
          "fixedsize": "True",
          "fillcolor": "White",
          "fontname": "Calibri",
          "fontsize": "10",
          "style": "filled"
        },
        "viewSwitches": [
          "yes",
          "yes"
        ]
      },
      {
        "row": 31,
        "hidden": false,
        "height": 15,
        "name": "Invisible Edge",
        "type": "edge",
        "format": {
          "style": "invis",
          "color": "Invis"
        },
        "viewSwitches": [
          "yes",
          "yes"
        ]
      },
      {
        "row": 32,
        "hidden": false,
        "height": 30,
        "name": "Invisible Point",
        "type": "node",
        "format": {
          "shape": "point",
          "fillcolor": "Invis",
          "color": "Invis",
          "style": "filled"
        },
        "viewSwitches": [
          "yes",
          "yes"
        ]
      },
      {
        "row": 33,
        "hidden": false,
        "height": 45,
        "name": "Manual Operation",
        "type": "node",
        "format": {
          "shape": "invtrapezium",
          "height": "0.75",
          "width": "1.25",
          "fixedsize": "True",
          "fillcolor": "White",
          "fontname": "Calibri",
          "fontsize": "10",
          "style": "filled"
        },
        "viewSwitches": [
          "yes",
          "yes"
        ]
      },
      {
        "row": 34,
        "hidden": false,
        "height": 45,
        "name": "Merge",
        "type": "node",
        "format": {
          "shape": "invtriangle",
          "height": "0.75",
          "width": "1.25",
          "fixedsize": "True",
          "fillcolor": "White",
          "fontname": "Calibri",
          "fontsize": "10",
          "style": "filled"
        },
        "viewSwitches": [
          "yes",
          "yes"
        ]
      },
      {
        "row": 35,
        "hidden": false,
        "height": 45,
        "name": "Off Page Reference",
        "type": "node",
        "format": {
          "shape": "invhouse",
          "height": "0.625",
          "width": "0.625",
          "fixedsize": "True",
          "fillcolor": "White",
          "fontname": "Calibri",
          "fontsize": "10",
          "style": "filled"
        },
        "viewSwitches": [
          "yes",
          "yes"
        ]
      },
      {
        "row": 36,
        "hidden": false,
        "height": 45,
        "name": "On Page Reference",
        "type": "node",
        "format": {
          "shape": "circle",
          "height": "0.625",
          "width": "0.625",
          "fixedsize": "True",
          "fillcolor": "White",
          "fontname": "Calibri",
          "fontsize": "10",
          "style": "filled"
        },
        "viewSwitches": [
          "yes",
          "yes"
        ]
      },
      {
        "row": 37,
        "hidden": false,
        "height": 45,
        "name": "Output",
        "type": "node",
        "format": {
          "shape": "parallelogram",
          "height": "0.75",
          "width": "1.25",
          "fixedsize": "True",
          "fillcolor": "White",
          "fontname": "Calibri",
          "fontsize": "10",
          "style": "filled"
        },
        "viewSwitches": [
          "yes",
          "yes"
        ]
      },
      {
        "row": 38,
        "hidden": false,
        "height": 15,
        "name": "Point",
        "type": "node",
        "format": {
          "shape": "point"
        },
        "viewSwitches": [
          "yes",
          "yes"
        ]
      },
      {
        "row": 39,
        "hidden": false,
        "height": 45,
        "name": "Predefined Process",
        "type": "node",
        "format": {
          "shape": "rectangle",
          "height": "0.75",
          "width": "1.25",
          "fixedsize": "True",
          "fillcolor": "White",
          "fontname": "Calibri",
          "fontsize": "10",
          "style": "diagonals,filled"
        },
        "viewSwitches": [
          "yes",
          "yes"
        ]
      },
      {
        "row": 40,
        "hidden": false,
        "height": 45,
        "name": "Preparation",
        "type": "node",
        "format": {
          "shape": "hexagon",
          "height": "0.75",
          "width": "1.25",
          "fixedsize": "True",
          "fillcolor": "White",
          "fontname": "Calibri",
          "fontsize": "10",
          "style": "filled"
        },
        "viewSwitches": [
          "yes",
          "yes"
        ]
      },
      {
        "row": 41,
        "hidden": false,
        "height": 45,
        "name": "Process",
        "type": "node",
        "format": {
          "shape": "rect",
          "height": "0.75",
          "width": "1.25",
          "fixedsize": "True",
          "fillcolor": "White",
          "fontname": "Calibri",
          "fontsize": "10",
          "style": "filled"
        },
        "viewSwitches": [
          "yes",
          "yes"
        ]
      },
      {
        "row": 42,
        "hidden": false,
        "height": 45,
        "name": "Stop",
        "type": "node",
        "format": {
          "shape": "octagon",
          "height": "0.75",
          "width": "0.75",
          "fixedsize": "True",
          "color": "Red",
          "fillcolor": "white",
          "fontname": "Calibri",
          "fontsize": "10",
          "style": "filled"
        },
        "viewSwitches": [
          "yes",
          "yes"
        ]
      },
      {
        "row": 43,
        "hidden": false,
        "height": 15
      },
      {
        "row": 44,
        "hidden": false,
        "height": 15
      },
      {
        "row": 45,
        "hidden": false,
        "height": 15
      },
      {
        "row": 46,
        "hidden": false,
        "height": 15
      },
      {
        "row": 47,
        "hidden": false,
        "height": 15
      },
      {
        "row": 48,
        "hidden": false,
        "height": 15
      },
      {
        "row": 49,
        "hidden": false,
        "height": 15
      },
      {
        "row": 50,
        "hidden": false,
        "height": 15
      },
      {
        "row": 51,
        "hidden": false,
        "height": 15
      },
      {
        "row": 52,
        "hidden": false,
        "height": 15
      },
      {
        "row": 53,
        "hidden": false,
        "height": 15
      },
      {
        "row": 54,
        "hidden": false,
        "height": 15
      },
      {
        "row": 55,
        "hidden": false,
        "height": 15
      },
      {
        "row": 56,
        "hidden": false,
        "height": 15
      },
      {
        "row": 57,
        "hidden": false,
        "height": 15
      },
      {
        "row": 58,
        "hidden": false,
        "height": 15
      },
      {
        "row": 59,
        "hidden": false,
        "height": 15
      },
      {
        "row": 60,
        "hidden": false,
        "height": 15
      },
      {
        "row": 61,
        "hidden": false,
        "height": 15
      },
      {
        "row": 62,
        "hidden": false,
        "height": 15
      },
      {
        "row": 63,
        "hidden": false,
        "height": 15
      },
      {
        "row": 64,
        "hidden": false,
        "height": 15
      },
      {
        "row": 65,
        "hidden": false,
        "height": 15
      },
      {
        "row": 66,
        "hidden": false,
        "height": 15
      },
      {
        "row": 67,
        "hidden": false,
        "height": 15
      },
      {
        "row": 68,
        "hidden": false,
        "height": 15
      },
      {
        "row": 69,
        "hidden": false,
        "height": 15
      },
      {
        "row": 70,
        "hidden": false,
        "height": 15
      },
      {
        "row": 71,
        "hidden": false,
        "height": 15
      },
      {
        "row": 72,
        "hidden": false,
        "height": 15
      },
      {
        "row": 73,
        "hidden": false,
        "height": 15
      },
      {
        "row": 74,
        "hidden": false,
        "height": 15
      },
      {
        "row": 75,
        "hidden": false,
        "height": 15
      },
      {
        "row": 76,
        "hidden": false,
        "height": 15
      },
      {
        "row": 77,
        "hidden": false,
        "height": 15
      },
      {
        "row": 78,
        "hidden": false,
        "height": 15
      },
      {
        "row": 79,
        "hidden": false,
        "height": 15
      },
      {
        "row": 80,
        "hidden": false,
        "height": 15
      },
      {
        "row": 81,
        "hidden": false,
        "height": 15
      },
      {
        "row": 82,
        "hidden": false,
        "height": 15
      },
      {
        "row": 83,
        "hidden": false,
        "height": 15
      },
      {
        "row": 84,
        "hidden": false,
        "height": 15
      },
      {
        "row": 85,
        "hidden": false,
        "height": 15
      },
      {
        "row": 86,
        "hidden": false,
        "height": 15
      },
      {
        "row": 87,
        "hidden": false,
        "height": 15
      },
      {
        "row": 88,
        "hidden": false,
        "height": 15
      },
      {
        "row": 89,
        "hidden": false,
        "height": 15
      },
      {
        "row": 90,
        "hidden": false,
        "height": 15.75
      }
    ],
    "sql": [
      {
        "row": 2,
        "hidden": false,
        "height": 15
      },
      {
        "row": 3,
        "hidden": false,
        "height": 15
      },
      {
        "row": 4,
        "hidden": false,
        "height": 15
      },
      {
        "row": 5,
        "hidden": false,
        "height": 15
      },
      {
        "row": 6,
        "hidden": false,
        "height": 15
      },
      {
        "row": 7,
        "hidden": false,
        "height": 15
      },
      {
        "row": 8,
        "hidden": false,
        "height": 15
      },
      {
        "row": 9,
        "hidden": false,
        "height": 15
      }
    ]
  },
  "settings": {
    "data": {
      "graphToWorksheet": {
        "runMode": "manual",
        "imageType": "png",
        "imageWorksheet": "data",
        "scaleImage": 100
      },
      "graphToFile": {
        "directory": "",
        "fileNamePrefix": "Graph",
        "imageType": "pdf",
        "appendOptions": false,
        "appendTimeStamp": false
      },
      "layout": {
        "engine": "dot",
        "direction": "top to bottom",
        "rankdir": "TB",
        "splines": "spline"
      },
      "options": {
        "graph": {
          "center": false,
          "clusterRank": "",
          "compound": false,
          "dim": "",
          "dimen": "",
          "forceLabels": false,
          "graphType": "directed",
          "mode": "",
          "model": "",
          "newrank": false,
          "ordering": "",
          "orientation": false,
          "outputOrder": "",
          "overlap": "",
          "smoothing": "",
          "transparentBackground": false
        },
        "nodes": {
          "includeOrphanNodes": true,
          "includeNodeLabels": true,
          "includeNodeXLabels": true,
          "blankNodeLabels": "default"
        },
        "edges": {
          "addStrict": true,
          "concentrate": false,
          "includeOrphanEdges": true,
          "includeEdgeHeadLabels": true,
          "includeEdgeLabels": true,
          "includeEdgeXLabels": true,
          "includeEdgeTailLabels": true,
          "includeEdgePorts": true,
          "blankEdgeLabels": "blank"
        }
      },
      "styles": {
        "selectedViewColumn": "E",
        "includeStyleFormat": true,
        "includeExtraAttributes": true
      },
      "debug": {
        "debug": "off",
        "fileDisposition": "delete"
      },
      "columns": {
        "flag": "show",
        "item": "show",
        "label": "show",
        "outsideLabel": "hide",
        "tailLabel": "hide",
        "headLabel": "hide",
        "relatedItem": "show",
        "styleName": "hide",
        "extraAttributes": "show",
        "message": "hide"
      },
      "language": {
        "language": "locale_en-US"
      }
    },
    "graph": {
      "zoom": 100
    },
    "settings": {
      "additionalGraphOptions": "",
      "maxSeconds": 60,
      "pictureName": "",
      "additionalCmdParameters": ""
    },
    "source": {
      "indent": 4,
      "buttons": [
        {
          "id": "SourceWeb1",
          "buttonText": "Graphviz Fiddle",
          "url": "http://stamm-wilbrandt.de/GraphvizFiddle/",
          "screenTip": "On-line code editor for Graphviz",
          "superTip": "GraphvizFiddle draws DOT language [directed] graphs. It is a dual-view Graphviz editor and playground for Graphviz written by Hermann Stamm-Wilbrandt.",
          "visible": "show"
        },
        {
          "id": "SourceWeb2",
          "buttonText": "Pocket Reference",
          "url": "http://graphs.grevian.org/graph",
          "screenTip": "On-line code editor for Graphviz",
          "superTip": "An on-line code editor for Graphviz written by Josh Hayes-Sheen for Computer Science students.",
          "visible": "show"
        },
        {
          "id": "SourceWeb3",
          "buttonText": "Graphviz Online",
          "url": "http://dreampuf.github.io/GraphvizOnline/",
          "screenTip": "On-line code editor for Graphviz",
          "superTip": "Online Graphviz editor with syntax higlighting.",
          "visible": "show"
        },
        {
          "id": "SourceWeb4",
          "visible": "hide"
        },
        {
          "id": "SourceWeb5",
          "visible": "hide"
        },
        {
          "id": "SourceWeb6",
          "visible": "hide"
        }
      ]
    },
    "extensions": {
      "tabName": "Extensions",
      "customCode": {
        "groupName": "Custom Code",
        "buttons": [
          {
            "id": "ExtCode1",
            "visible": "hide"
          },
          {
            "id": "ExtCode2",
            "visible": "hide"
          },
          {
            "id": "ExtCode3",
            "visible": "hide"
          },
          {
            "id": "ExtCode4",
            "visible": "hide"
          },
          {
            "id": "ExtCode5",
            "visible": "hide"
          },
          {
            "id": "ExtCode6",
            "visible": "hide"
          }
        ]
      },
      "webResources": {
        "groupName": "Web Resources",
        "buttons": [
          {
            "id": "ExtWeb1",
            "visible": "hide"
          },
          {
            "id": "ExtWeb2",
            "visible": "hide"
          },
          {
            "id": "ExtWeb3",
            "visible": "hide"
          },
          {
            "id": "ExtWeb4",
            "visible": "hide"
          },
          {
            "id": "ExtWeb5",
            "visible": "hide"
          },
          {
            "id": "ExtWeb6",
            "visible": "hide"
          }
        ]
      }
    }
  },
  "layouts": {
    "data": {
      "rows": [
        {
          "id": "heading",
          "row": 1,
          "height": 15,
          "hidden": false
        },
        {
          "id": "first",
          "row": 2,
          "height": 15,
          "hidden": false
        }
      ],
      "columns": [
        {
          "id": "flag",
          "column": 1,
          "heading": "",
          "width": 1.86,
          "hidden": false,
          "wrapText": false
        },
        {
          "id": "item",
          "column": 2,
          "heading": "Item",
          "width": 27,
          "hidden": false,
          "wrapText": false
        },
        {
          "id": "label",
          "column": 4,
          "heading": "Label",
          "width": 27,
          "hidden": false,
          "wrapText": true
        },
        {
          "id": "outsideLabel",
          "column": 5,
          "heading": "Outside Label",
          "width": 0,
          "hidden": true,
          "wrapText": true
        },
        {
          "id": "tailLabel",
          "column": 3,
          "heading": "Tail Label",
          "width": 0,
          "hidden": true,
          "wrapText": true
        },
        {
          "id": "headLabel",
          "column": 6,
          "heading": "Head Label",
          "width": 0,
          "hidden": true,
          "wrapText": true
        },
        {
          "id": "tooltip",
          "column": 7,
          "heading": "Tooltip",
          "width": 0,
          "hidden": true,
          "wrapText": true
        },
        {
          "id": "relatedItem",
          "column": 8,
          "heading": "Is Related To Item",
          "width": 27,
          "hidden": false,
          "wrapText": true
        },
        {
          "id": "styleName",
          "column": 9,
          "heading": "Style Name",
          "width": 0,
          "hidden": true,
          "wrapText": true
        },
        {
          "id": "extraAttributes",
          "column": 10,
          "heading": "Extra Attributes",
          "width": 27,
          "hidden": false,
          "wrapText": true
        },
        {
          "id": "message",
          "column": 11,
          "heading": "Messages",
          "width": 0,
          "hidden": true,
          "wrapText": false
        },
        {
          "id": "graphDisplayColumn",
          "column": 12,
          "heading": "",
          "width": 8.43,
          "hidden": false,
          "wrapText": true
        }
      ]
    },
    "styles": {
      "rows": [
        {
          "id": "heading",
          "row": 1,
          "height": 48,
          "hidden": false
        },
        {
          "id": "first",
          "row": 2,
          "height": 15,
          "hidden": false
        }
      ],
      "columns": [
        {
          "id": "flag",
          "column": 1,
          "heading": "",
          "width": 1.86,
          "hidden": false,
          "wrapText": true
        },
        {
          "id": "name",
          "column": 2,
          "heading": "Style Name",
          "width": 21,
          "hidden": false,
          "wrapText": true
        },
        {
          "id": "format",
          "column": 3,
          "heading": "Format",
          "width": 50.86,
          "hidden": false,
          "wrapText": true
        },
        {
          "id": "type",
          "column": 4,
          "heading": "Style Type",
          "width": 16.57,
          "hidden": false,
          "wrapText": null
        },
        {
          "id": "view0",
          "column": 5,
          "heading": "All Styles",
          "width": 7.29,
          "hidden": false,
          "wrapText": null
        },
        {
          "id": "view1",
          "column": 6,
          "heading": "No Clusters",
          "width": 7.29,
          "hidden": false,
          "wrapText": null
        }
      ],
      "ranges": [
        {
        }
      ]
    },
    "sql": {
      "rows": [
        {
          "id": "heading",
          "row": 1,
          "height": 12.75,
          "hidden": false
        },
        {
          "id": "first",
          "row": 2,
          "height": 15,
          "hidden": false
        }
      ],
      "columns": [
        {
          "id": "flag",
          "column": 1,
          "heading": "",
          "width": 1.86,
          "hidden": false,
          "wrapText": false
        },
        {
          "id": "sqlStatement",
          "column": 2,
          "heading": "SQL SELECT Statement",
          "width": 55,
          "hidden": false,
          "wrapText": false
        },
        {
          "id": "excelFile",
          "column": 3,
          "heading": "Excel data file (.xlsx, .xlsm, .xlsb, or .xls only)",
          "width": 34.86,
          "hidden": false,
          "wrapText": true
        },
        {
          "id": "status",
          "column": 4,
          "heading": "Status",
          "width": 21.43,
          "hidden": false,
          "wrapText": true
        }
      ]
    },
    "source": {
      "rows": [
        {
          "id": "heading",
          "row": 1,
          "height": 15,
          "hidden": false
        },
        {
          "id": "first",
          "row": 2,
          "height": 15,
          "hidden": false
        }
      ],
      "columns": [
        {
          "id": "lineNumber",
          "column": 1,
          "heading": "Line",
          "width": 6.57,
          "hidden": false,
          "wrapText": false
        },
        {
          "id": "source",
          "column": 2,
          "heading": "Graphviz Source",
          "width": 168,
          "hidden": false,
          "wrapText": true
        }
      ]
    }
  }
}