{
  "metadata": {
    "name": "E2GXF",
    "type": "Excel to Graphviz Exchange Format",
    "version": "1.0",
    "user": "Jeffrey Long",
    "date": "2023-05-14",
    "time": "14:55:24",
    "os": "Windows (64-bit) NT 10.00",
    "excel": "16.0",
    "filename": "Hello World Extension.xlsm"
  },
  "content": {
    "data": [
    ],
    "styles": [
      {
        "row": 2,
        "hidden": false,
        "height": 15,
        "name": "node",
        "type": "node",
        "viewSwitches": [
          "yes",
          "yes"
        ]
      },
      {
        "row": 3,
        "hidden": false,
        "height": 15,
        "name": "edge",
        "type": "edge",
        "viewSwitches": [
          "yes",
          "yes"
        ]
      },
      {
        "row": 4,
        "hidden": false,
        "height": 15,
        "name": "subgraph-open",
        "type": "subgraph-open",
        "viewSwitches": [
          "yes",
          "no"
        ]
      },
      {
        "row": 5,
        "hidden": false,
        "height": 15,
        "name": "subgraph-close",
        "type": "subgraph-close",
        "viewSwitches": [
          "yes",
          "no"
        ]
      },
      {
        "row": 6,
        "hidden": false,
        "height": 15,
        "name": "keyword",
        "type": "keyword",
        "viewSwitches": [
          "yes",
          "yes"
        ]
      },
      {
        "row": 7,
        "hidden": false,
        "height": 15,
        "name": "native",
        "type": "native",
        "viewSwitches": [
          "yes",
          "yes"
        ]
      },
      {
        "row": 8,
        "hidden": false,
        "height": 30,
        "name": "Border 0 Begin",
        "type": "subgraph-open",
        "format": {
          "penwidth": "2",
          "fontname": "Calibri Bold",
          "fontsize": "16",
          "margin": "18"
        },
        "viewSwitches": [
          "yes",
          "no"
        ]
      },
      {
        "row": 9,
        "hidden": false,
        "height": 15,
        "name": "Border 0 End",
        "type": "subgraph-close",
        "viewSwitches": [
          "yes",
          "no"
        ]
      },
      {
        "row": 10,
        "hidden": false,
        "height": 45,
        "name": "Border 1 Begin",
        "type": "subgraph-open",
        "format": {
          "penwidth": "1",
          "colorscheme": "pastel16",
          "fillcolor": "6",
          "fontname": "Calibri Bold",
          "fontsize": "12",
          "style": "filled",
          "margin": "18"
        },
        "viewSwitches": [
          "yes",
          "no"
        ]
      },
      {
        "row": 11,
        "hidden": false,
        "height": 15,
        "name": "Border 1 End",
        "type": "subgraph-close",
        "viewSwitches": [
          "yes",
          "no"
        ]
      },
      {
        "row": 12,
        "hidden": false,
        "height": 45,
        "name": "Border 2 Begin",
        "type": "subgraph-open",
        "format": {
          "penwidth": "1",
          "colorscheme": "pastel16",
          "fillcolor": "5",
          "fontname": "Calibri Bold",
          "fontsize": "12",
          "style": "filled",
          "margin": "18"
        },
        "viewSwitches": [
          "yes",
          "no"
        ]
      },
      {
        "row": 13,
        "hidden": false,
        "height": 15,
        "name": "Border 2 End",
        "type": "subgraph-close",
        "viewSwitches": [
          "yes",
          "no"
        ]
      },
      {
        "row": 14,
        "hidden": false,
        "height": 45,
        "name": "Border 3 Begin",
        "type": "subgraph-open",
        "format": {
          "penwidth": "1",
          "colorscheme": "pastel16",
          "fillcolor": "4",
          "fontname": "Calibri Bold",
          "fontsize": "12",
          "style": "filled",
          "margin": "18"
        },
        "viewSwitches": [
          "yes",
          "no"
        ]
      },
      {
        "row": 15,
        "hidden": false,
        "height": 15,
        "name": "Border 3 End",
        "type": "subgraph-close",
        "viewSwitches": [
          "yes",
          "no"
        ]
      },
      {
        "row": 16,
        "hidden": false,
        "height": 45,
        "name": "Border 4 Begin",
        "type": "subgraph-open",
        "format": {
          "penwidth": "1",
          "colorscheme": "pastel16",
          "fillcolor": "3",
          "fontname": "Calibri Bold",
          "fontsize": "12",
          "style": "filled",
          "margin": "18"
        },
        "viewSwitches": [
          "yes",
          "no"
        ]
      },
      {
        "row": 17,
        "hidden": false,
        "height": 15,
        "name": "Border 4 End",
        "type": "subgraph-close",
        "viewSwitches": [
          "yes",
          "no"
        ]
      },
      {
        "row": 18,
        "hidden": false,
        "height": 45,
        "name": "Border 5 Begin",
        "type": "subgraph-open",
        "format": {
          "penwidth": "1",
          "colorscheme": "pastel16",
          "fillcolor": "2",
          "fontname": "Calibri Bold",
          "fontsize": "12",
          "style": "filled",
          "margin": "18"
        },
        "viewSwitches": [
          "yes",
          "no"
        ]
      },
      {
        "row": 19,
        "hidden": false,
        "height": 15,
        "name": "Border 5 End",
        "type": "subgraph-close",
        "viewSwitches": [
          "yes",
          "no"
        ]
      },
      {
        "row": 20,
        "hidden": false,
        "height": 45,
        "name": "Component",
        "type": "node",
        "format": {
          "shape": "component",
          "height": "0.75",
          "width": "1.25",
          "fixedsize": "True",
          "fillcolor": "White",
          "fontname": "Calibri",
          "fontsize": "10",
          "style": "filled"
        },
        "viewSwitches": [
          "yes",
          "yes"
        ]
      },
      {
        "row": 21,
        "hidden": false,
        "height": 45,
        "name": "Decision",
        "type": "node",
        "format": {
          "shape": "diamond",
          "height": "0.75",
          "width": "1.25",
          "fixedsize": "True",
          "fillcolor": "White",
          "fontname": "Calibri",
          "fontsize": "10",
          "style": "filled"
        },
        "viewSwitches": [
          "yes",
          "yes"
        ]
      },
      {
        "row": 22,
        "hidden": false,
        "height": 45,
        "name": "Event",
        "type": "node",
        "format": {
          "shape": "rectangle",
          "height": "0.375",
          "width": "1.25",
          "fixedsize": "True",
          "fillcolor": "White",
          "fontname": "Calibri",
          "fontsize": "10",
          "style": "rounded,filled"
        },
        "viewSwitches": [
          "yes",
          "yes"
        ]
      },
      {
        "row": 23,
        "hidden": false,
        "height": 45,
        "name": "Extract",
        "type": "node",
        "format": {
          "shape": "triangle",
          "height": "0.75",
          "width": "1.25",
          "fixedsize": "True",
          "fillcolor": "White",
          "fontname": "Calibri",
          "fontsize": "10",
          "style": "filled"
        },
        "viewSwitches": [
          "yes",
          "yes"
        ]
      },
      {
        "row": 24,
        "hidden": false,
        "height": 45,
        "name": "File",
        "type": "node",
        "format": {
          "shape": "note",
          "height": "0.75",
          "width": "0.5",
          "fixedsize": "True",
          "fillcolor": "White",
          "fontname": "Calibri",
          "fontsize": "10",
          "style": "filled"
        },
        "viewSwitches": [
          "yes",
          "yes"
        ]
      },
      {
        "row": 25,
        "hidden": false,
        "height": 45,
        "name": "Folder",
        "type": "node",
        "format": {
          "shape": "folder",
          "height": "0.5",
          "width": "0.75",
          "fixedsize": "True",
          "fillcolor": "White",
          "fontname": "Calibri",
          "fontsize": "10",
          "style": "filled"
        },
        "viewSwitches": [
          "yes",
          "yes"
        ]
      },
      {
        "row": 26,
        "hidden": false,
        "height": 15,
        "name": "Flow",
        "type": "edge",
        "format": {
          "fontname": "Calibri",
          "fontsize": "10"
        },
        "viewSwitches": [
          "yes",
          "yes"
        ]
      },
      {
        "row": 27,
        "hidden": false,
        "height": 30,
        "name": "Flow - Dotted",
        "type": "edge",
        "format": {
          "fontname": "Calibri",
          "fontsize": "10",
          "weight": "100",
          "decorate": "false",
          "style": "dotted",
          "arrowsize": "0.5"
        },
        "viewSwitches": [
          "yes",
          "yes"
        ]
      },
      {
        "row": 28,
        "hidden": false,
        "height": 30,
        "name": "Flow - Negative",
        "type": "edge",
        "format": {
          "fontname": "Calibri",
          "fontsize": "10",
          "weight": "100",
          "decorate": "false",
          "color": "red",
          "fontcolor": "red"
        },
        "viewSwitches": [
          "yes",
          "yes"
        ]
      },
      {
        "row": 29,
        "hidden": false,
        "height": 45,
        "name": "Flow - Positive",
        "type": "edge",
        "format": {
          "fontname": "Calibri",
          "fontsize": "10",
          "weight": "100",
          "decorate": "false",
          "color": "darkgreen",
          "fontcolor": "darkgreen"
        },
        "viewSwitches": [
          "yes",
          "yes"
        ]
      },
      {
        "row": 30,
        "hidden": false,
        "height": 45,
        "name": "Input",
        "type": "node",
        "format": {
          "shape": "parallelogram",
          "height": "0.75",
          "width": "1.25",
          "fixedsize": "True",
          "fillcolor": "White",
          "fontname": "Calibri",
          "fontsize": "10",
          "style": "filled"
        },
        "viewSwitches": [
          "yes",
          "yes"
        ]
      },
      {
        "row": 31,
        "hidden": false,
        "height": 15,
        "name": "Invisible Edge",
        "type": "edge",
        "format": {
          "style": "invis",
          "color": "Invis"
        },
        "viewSwitches": [
          "yes",
          "yes"
        ]
      },
      {
        "row": 32,
        "hidden": false,
        "height": 30,
        "name": "Invisible Point",
        "type": "node",
        "format": {
          "shape": "point",
          "fillcolor": "Invis",
          "color": "Invis",
          "style": "filled"
        },
        "viewSwitches": [
          "yes",
          "yes"
        ]
      },
      {
        "row": 33,
        "hidden": false,
        "height": 45,
        "name": "Manual Operation",
        "type": "node",
        "format": {
          "shape": "invtrapezium",
          "height": "0.75",
          "width": "1.25",
          "fixedsize": "True",
          "fillcolor": "White",
          "fontname": "Calibri",
          "fontsize": "10",
          "style": "filled"
        },
        "viewSwitches": [
          "yes",
          "yes"
        ]
      },
      {
        "row": 34,
        "hidden": false,
        "height": 45,
        "name": "Merge",
        "type": "node",
        "format": {
          "shape": "invtriangle",
          "height": "0.75",
          "width": "1.25",
          "fixedsize": "True",
          "fillcolor": "White",
          "fontname": "Calibri",
          "fontsize": "10",
          "style": "filled"
        },
        "viewSwitches": [
          "yes",
          "yes"
        ]
      },
      {
        "row": 35,
        "hidden": false,
        "height": 45,
        "name": "Off Page Reference",
        "type": "node",
        "format": {
          "shape": "invhouse",
          "height": "0.625",
          "width": "0.625",
          "fixedsize": "True",
          "fillcolor": "White",
          "fontname": "Calibri",
          "fontsize": "10",
          "style": "filled"
        },
        "viewSwitches": [
          "yes",
          "yes"
        ]
      },
      {
        "row": 36,
        "hidden": false,
        "height": 45,
        "name": "On Page Reference",
        "type": "node",
        "format": {
          "shape": "circle",
          "height": "0.625",
          "width": "0.625",
          "fixedsize": "True",
          "fillcolor": "White",
          "fontname": "Calibri",
          "fontsize": "10",
          "style": "filled"
        },
        "viewSwitches": [
          "yes",
          "yes"
        ]
      },
      {
        "row": 37,
        "hidden": false,
        "height": 45,
        "name": "Output",
        "type": "node",
        "format": {
          "shape": "parallelogram",
          "height": "0.75",
          "width": "1.25",
          "fixedsize": "True",
          "fillcolor": "White",
          "fontname": "Calibri",
          "fontsize": "10",
          "style": "filled"
        },
        "viewSwitches": [
          "yes",
          "yes"
        ]
      },
      {
        "row": 38,
        "hidden": false,
        "height": 15,
        "name": "Point",
        "type": "node",
        "format": {
          "shape": "point"
        },
        "viewSwitches": [
          "yes",
          "yes"
        ]
      },
      {
        "row": 39,
        "hidden": false,
        "height": 45,
        "name": "Predefined Process",
        "type": "node",
        "format": {
          "shape": "rectangle",
          "height": "0.75",
          "width": "1.25",
          "fixedsize": "True",
          "fillcolor": "White",
          "fontname": "Calibri",
          "fontsize": "10",
          "style": "diagonals,filled"
        },
        "viewSwitches": [
          "yes",
          "yes"
        ]
      },
      {
        "row": 40,
        "hidden": false,
        "height": 45,
        "name": "Preparation",
        "type": "node",
        "format": {
          "shape": "hexagon",
          "height": "0.75",
          "width": "1.25",
          "fixedsize": "True",
          "fillcolor": "White",
          "fontname": "Calibri",
          "fontsize": "10",
          "style": "filled"
        },
        "viewSwitches": [
          "yes",
          "yes"
        ]
      },
      {
        "row": 41,
        "hidden": false,
        "height": 45,
        "name": "Process",
        "type": "node",
        "format": {
          "shape": "rect",
          "height": "0.75",
          "width": "1.25",
          "fixedsize": "True",
          "fillcolor": "White",
          "fontname": "Calibri",
          "fontsize": "10",
          "style": "filled"
        },
        "viewSwitches": [
          "yes",
          "yes"
        ]
      },
      {
        "row": 42,
        "hidden": false,
        "height": 45,
        "name": "Stop",
        "type": "node",
        "format": {
          "shape": "octagon",
          "height": "0.75",
          "width": "0.75",
          "fixedsize": "True",
          "color": "Red",
          "fillcolor": "white",
          "fontname": "Calibri",
          "fontsize": "10",
          "style": "filled"
        },
        "viewSwitches": [
          "yes",
          "yes"
        ]
      },
      {
        "row": 43,
        "hidden": false,
        "height": 15
      },
      {
        "row": 44,
        "hidden": false,
        "height": 15
      },
      {
        "row": 45,
        "hidden": false,
        "height": 15
      },
      {
        "row": 46,
        "hidden": false,
        "height": 15
      },
      {
        "row": 47,
        "hidden": false,
        "height": 15
      },
      {
        "row": 48,
        "hidden": false,
        "height": 15
      },
      {
        "row": 49,
        "hidden": false,
        "height": 15
      },
      {
        "row": 50,
        "hidden": false,
        "height": 15
      },
      {
        "row": 51,
        "hidden": false,
        "height": 15
      },
      {
        "row": 52,
        "hidden": false,
        "height": 15
      },
      {
        "row": 53,
        "hidden": false,
        "height": 15
      },
      {
        "row": 54,
        "hidden": false,
        "height": 15
      },
      {
        "row": 55,
        "hidden": false,
        "height": 15
      },
      {
        "row": 56,
        "hidden": false,
        "height": 15
      },
      {
        "row": 57,
        "hidden": false,
        "height": 15
      },
      {
        "row": 58,
        "hidden": false,
        "height": 15
      },
      {
        "row": 59,
        "hidden": false,
        "height": 15
      },
      {
        "row": 60,
        "hidden": false,
        "height": 15
      },
      {
        "row": 61,
        "hidden": false,
        "height": 15
      },
      {
        "row": 62,
        "hidden": false,
        "height": 15
      },
      {
        "row": 63,
        "hidden": false,
        "height": 15
      },
      {
        "row": 64,
        "hidden": false,
        "height": 15
      },
      {
        "row": 65,
        "hidden": false,
        "height": 15
      },
      {
        "row": 66,
        "hidden": false,
        "height": 15
      },
      {
        "row": 67,
        "hidden": false,
        "height": 15
      },
      {
        "row": 68,
        "hidden": false,
        "height": 15
      },
      {
        "row": 69,
        "hidden": false,
        "height": 15
      },
      {
        "row": 70,
        "hidden": false,
        "height": 15
      },
      {
        "row": 71,
        "hidden": false,
        "height": 15
      },
      {
        "row": 72,
        "hidden": false,
        "height": 15
      },
      {
        "row": 73,
        "hidden": false,
        "height": 15
      },
      {
        "row": 74,
        "hidden": false,
        "height": 15
      },
      {
        "row": 75,
        "hidden": false,
        "height": 15
      },
      {
        "row": 76,
        "hidden": false,
        "height": 15
      },
      {
        "row": 77,
        "hidden": false,
        "height": 15
      },
      {
        "row": 78,
        "hidden": false,
        "height": 15
      },
      {
        "row": 79,
        "hidden": false,
        "height": 15
      },
      {
        "row": 80,
        "hidden": false,
        "height": 15
      },
      {
        "row": 81,
        "hidden": false,
        "height": 15
      },
      {
        "row": 82,
        "hidden": false,
        "height": 15
      },
      {
        "row": 83,
        "hidden": false,
        "height": 15
      },
      {
        "row": 84,
        "hidden": false,
        "height": 15
      },
      {
        "row": 85,
        "hidden": false,
        "height": 15
      },
      {
        "row": 86,
        "hidden": false,
        "height": 15
      },
      {
        "row": 87,
        "hidden": false,
        "height": 15
      },
      {
        "row": 88,
        "hidden": false,
        "height": 15
      },
      {
        "row": 89,
        "hidden": false,
        "height": 15
      },
      {
        "row": 90,
        "hidden": false,
        "height": 15.75
      }
    ],
    "sql": [
      {
        "row": 2,
        "hidden": false,
        "height": 15,
        "filters": [
          null,
          null,
          null,
          null,
          null,
          null,
          null,
          null,
          null,
          null,
          null,
          null,
          null,
          null,
          null,
          null,
          null,
          null,
          null,
          null,
          null,
          null
        ]
      },
      {
        "row": 3,
        "hidden": false,
        "height": 15,
        "filters": [
          null,
          null,
          null,
          null,
          null,
          null,
          null,
          null,
          null,
          null,
          null,
          null,
          null,
          null,
          null,
          null,
          null,
          null,
          null,
          null,
          null,
          null
        ]
      },
      {
        "row": 4,
        "hidden": false,
        "height": 15,
        "filters": [
          null,
          null,
          null,
          null,
          null,
          null,
          null,
          null,
          null,
          null,
          null,
          null,
          null,
          null,
          null,
          null,
          null,
          null,
          null,
          null,
          null,
          null
        ]
      },
      {
        "row": 5,
        "hidden": false,
        "height": 15,
        "filters": [
          null,
          null,
          null,
          null,
          null,
          null,
          null,
          null,
          null,
          null,
          null,
          null,
          null,
          null,
          null,
          null,
          null,
          null,
          null,
          null,
          null,
          null
        ]
      },
      {
        "row": 6,
        "hidden": false,
        "height": 15,
        "filters": [
          null,
          null,
          null,
          null,
          null,
          null,
          null,
          null,
          null,
          null,
          null,
          null,
          null,
          null,
          null,
          null,
          null,
          null,
          null,
          null,
          null,
          null
        ]
      },
      {
        "row": 7,
        "hidden": false,
        "height": 15,
        "filters": [
          null,
          null,
          null,
          null,
          null,
          null,
          null,
          null,
          null,
          null,
          null,
          null,
          null,
          null,
          null,
          null,
          null,
          null,
          null,
          null,
          null,
          null
        ]
      },
      {
        "row": 8,
        "hidden": false,
        "height": 15,
        "filters": [
          null,
          null,
          null,
          null,
          null,
          null,
          null,
          null,
          null,
          null,
          null,
          null,
          null,
          null,
          null,
          null,
          null,
          null,
          null,
          null,
          null,
          null
        ]
      },
      {
        "row": 9,
        "hidden": false,
        "height": 15,
        "filters": [
          null,
          null,
          null,
          null,
          null,
          null,
          null,
          null,
          null,
          null,
          null,
          null,
          null,
          null,
          null,
          null,
          null,
          null,
          null,
          null,
          null,
          null
        ]
      }
    ],
    "svg": [
      {
        "row": 2,
        "hidden": false,
        "height": 12.75,
        "enabled": false
      },
      {
        "row": 3,
        "hidden": false,
        "height": 15,
        "enabled": false,
        "find": "Modify the <svg> element to add an onload() function"
      },
      {
        "row": 4,
        "hidden": false,
        "height": 15,
        "enabled": false
      },
      {
        "row": 5,
        "hidden": false,
        "height": 45,
        "find": "xmlns:xlink=\"http://www.w3.org/1999/xlink\">",
        "replace": "xmlns:xlink=\"http://www.w3.org/1999/xlink\" onload=\"makeDraggable(evt)\">\u000A  <!-- NOTE: The graphviz-generated content in this file has been modified by Excel to Graphviz %%[Version]%% -->\u000A"
      },
      {
        "row": 6,
        "hidden": false,
        "height": 15,
        "find": "%%[Version]%%",
        "replace": "Version: 6.0.00 (Win + Mac OS)"
      },
      {
        "row": 7,
        "hidden": false,
        "height": 15,
        "enabled": false
      },
      {
        "row": 8,
        "hidden": false,
        "height": 15,
        "enabled": false,
        "find": "Insert placeholders for stylesheet and script content before the closing </svg> element. These placeholders will be expanded by subsequent rows."
      },
      {
        "row": 9,
        "hidden": false,
        "height": 15,
        "enabled": false
      },
      {
        "row": 10,
        "hidden": false,
        "height": 210,
        "find": "</svg>",
        "replace": "\u000A<!-- Excel to Graphviz - Begin -->\u000A<style>\u000A%%[StyleElements]%%\u000A</style>\u000A<script>\u000A<![CDATA[\u000A%%[makeDraggableSection01]%%\u000A%%[makeDraggableSection02]%%\u000A]]>\u000A</script>\u000A<!-- Excel to Graphviz - End -->\u000A\u000A</svg>"
      },
      {
        "row": 11,
        "hidden": false,
        "height": 15,
        "enabled": false
      },
      {
        "row": 12,
        "hidden": false,
        "height": 15,
        "enabled": false,
        "find": "The stylesheet is larger than can be shown in an Excel row. Split it into smaller chunks."
      },
      {
        "row": 13,
        "hidden": false,
        "height": 15,
        "enabled": false
      },
      {
        "row": 14,
        "hidden": false,
        "height": 90,
        "find": "%%[StyleElements]%%",
        "replace": "%%[edge node text]%%\r\u000A%%[text-highlight-nodes]%%\r\u000A%%[text-highlight-edges]%%\r\u000A%%[edge-highlight path]%%\t\r\u000A%%[edge-highlight polygon]%%\r\u000A%%[node-highlight polygon]%%"
      },
      {
        "row": 15,
        "hidden": false,
        "height": 135,
        "find": "%%[edge node text]%%",
        "replace": "\r\u000A<!-- The first 2 styles are hiding longer description texts on \r\u000A     nodes and edges, that are shown when nodes are clicked -->\r\u000A.edge text{\r\u000A    opacity: 0;\r\u000A}\r\u000A.node text:not(:first-of-type){\r\u000A    opacity: 0;\r\u000A}"
      },
      {
        "row": 16,
        "hidden": false,
        "height": 105,
        "find": "%%[text-highlight-nodes]%%",
        "replace": ".text-highlight-nodes text{\r\u000A    opacity: 1 !important;\r\u000A    stroke-width: 10;\r\u000A    font-size: 20px;\r\u000A    font-weight: bold;\r\u000A    fill: black;\r\u000A}"
      },
      {
        "row": 17,
        "hidden": false,
        "height": 105,
        "find": "%%[text-highlight-edges]%%",
        "replace": ".text-highlight-edges text{\r\u000A    opacity: 1 !important;\r\u000A    stroke-width: 10;\r\u000A    font-size: 20px;\r\u000A    font-weight: bold;\r\u000A    fill: Indigo;\r\u000A}"
      },
      {
        "row": 18,
        "hidden": false,
        "height": 75,
        "find": "%%[edge-highlight path]%%",
        "replace": ".edge-highlight path{\r\u000A    opacity: 1;\r\u000A    stroke-width: 10;\r\u000A    stroke: crimson;\r\u000A}"
      },
      {
        "row": 19,
        "hidden": false,
        "height": 75,
        "find": "%%[edge-highlight polygon]%%",
        "replace": ".edge-highlight polygon{\r\u000A    opacity: 1;\r\u000A    stroke-width: 10;\r\u000A    stroke: crimson;\r\u000A}"
      },
      {
        "row": 20,
        "hidden": false,
        "height": 90,
        "find": "%%[node-highlight polygon]%%",
        "replace": ".node-highlight polygon{\r\u000A    opacity: 1;\r\u000A    stroke-width: 10;\r\u000A    stroke: crimson;\r\u000A    z-index:99999;\t\r\u000A}"
      },
      {
        "row": 21,
        "hidden": false,
        "height": 15,
        "enabled": false
      },
      {
        "row": 22,
        "hidden": false,
        "height": 15,
        "enabled": false,
        "find": "The script code is larger than can be shown in an Excel row. Split the code into smaller chunks."
      },
      {
        "row": 23,
        "hidden": false,
        "height": 15,
        "enabled": false
      },
      {
        "row": 24,
        "hidden": false,
        "height": 345,
        "find": "%%[makeDraggableSection01]%%",
        "replace": "function makeDraggable(evt) {\u000A    var svg = evt.target;\u000A\u000A    svg.addEventListener('mousedown', startDrag);\u000A    svg.addEventListener('mousemove', drag);\u000A    svg.addEventListener('mouseup', endDrag);\u000A    svg.addEventListener('mouseleave', endDrag);\u000A    svg.addEventListener('touchstart', startDrag);\u000A    svg.addEventListener('touchmove', drag);\u000A    svg.addEventListener('touchend', endDrag);\u000A    svg.addEventListener('touchleave', endDrag);\u000A    svg.addEventListener('touchcancel', endDrag);\u000A\u000A    var edges = document.getElementsByClassName('edge');\u000A    for (var i = 0; i < edges.length; i++) {\u000A        edges[i].addEventListener('click', clickEdge);\u000A    }\u000A\u000A    var nodes = document.getElementsByClassName('node');\u000A    for (var i = 0; i < nodes.length; i++) {\u000A        nodes[i].addEventListener('click', clickNode);\u000A    } \u000A"
      },
      {
        "row": 25,
        "hidden": false,
        "height": 120,
        "find": "%%[makeDraggableSection02]%%",
        "replace": "%%[getMousePosition]%%\u000A    var selectedElement, offset, transform, nodrag, origmousepos;\u000A%%[startDrag]%%\u000A%%[drag]%%\u000A%%[endDrag]%%\u000A%%[clickEdge]%%\u000A%%[clickNode]%%\u000A}"
      },
      {
        "row": 26,
        "hidden": false,
        "height": 120,
        "find": "%%[getMousePosition]%%",
        "replace": "    function getMousePosition(evt) {\r\u000A        var CTM = svg.getScreenCTM();\r\u000A        if (evt.touches) { evt = evt.touches[0]; }\r\u000A            return {\r\u000A                x: (evt.clientX - CTM.e) / CTM.a,\r\u000A                y: (evt.clientY - CTM.f) / CTM.d\r\u000A        };\r\u000A    }"
      },
      {
        "row": 27,
        "hidden": false,
        "height": 315,
        "find": "%%[startDrag]%%",
        "replace": "    function startDrag(evt) {\u000A        origmousepos = getMousePosition(evt);\u000A        nodrag=true;\u000A        selectedElement = evt.target.parentElement;\u000A        offset = getMousePosition(evt);\u000A\u000A        // Make sure the first transform on the element is a translate transform\u000A        var transforms = selectedElement.transform.baseVal;\u000A\u000A        if (transforms.length === 0 || transforms.getItem(0).type !== SVGTransform.SVG_TRANSFORM_TRANSLATE) {\u000A            // Create an transform that translates by (0, 0)\u000A            var translate = svg.createSVGTransform();\u000A            translate.setTranslate(0, 0);\u000A            selectedElement.transform.baseVal.insertItemBefore(translate, 0);\u000A        }\u000A\u000A        // Get initial translation\u000A        transform = transforms.getItem(0);\u000A        offset.x -= transform.matrix.e;\u000A        offset.y -= transform.matrix.f;\u000A    }"
      },
      {
        "row": 28,
        "hidden": false,
        "height": 105,
        "find": "%%[drag]%%",
        "replace": "    function drag(evt) {\u000A        if (selectedElement) {\u000A            evt.preventDefault();\u000A            var coord = getMousePosition(evt);\u000A            transform.setTranslate(coord.x - offset.x, coord.y - offset.y);\u000A        }\u000A    }"
      },
      {
        "row": 29,
        "hidden": false,
        "height": 180,
        "find": "%%[endDrag]%%",
        "replace": "    function endDrag(evt) {\u000A    <!-- comment out the following line if you wnat drags to stay in place, with this line they snap back to their original position after drag end -->   \u000A\u000A        selectedElement = false;\u000A        transform.setTranslate(0,0);\u000A        var currentmousepos=getMousePosition(evt);\u000A        if (currentmousepos.x===origmousepos.x|currentmousepos.y===origmousepos.y){\u000A            nodrag=true;\u000A        } else {\u000A            nodrag=false;}\u000A        }"
      },
      {
        "row": 30,
        "hidden": false,
        "height": 180,
        "find": "%%[clickEdge]%%",
        "replace": "    function clickEdge() {\r\u000A        if (nodrag) {\r\u000A            if (this.classList.contains(\"edge-highlight\")){\r\u000A                this.classList.remove(\"edge-highlight\");\r\u000A                this.classList.remove(\"text-highlight-edges\");\r\u000A            }\r\u000A            else {\r\u000A                this.classList.add(\"edge-highlight\");\r\u000A                this.classList.add(\"text-highlight-edges\");\r\u000A            }\r\u000A        }\t\r\u000A    }"
      },
      {
        "row": 31,
        "hidden": false,
        "height": 409.5,
        "find": "%%[clickNode]%%",
        "replace": "    function clickNode() {\r\u000A        \r\u000A        if (nodrag) {\r\u000A            var patroon = new RegExp('^' + this.childNodes[1].textContent + '->|->' +this.childNodes[1].textContent + '$')\r\u000A        \r\u000A            if (this.classList.contains(\"node-highlight\")){\r\u000A                this.classList.remove(\"node-highlight\");\r\u000A                this.classList.remove(\"text-highlight-nodes\");\r\u000A                var edges = document.getElementsByClassName('edge');\r\u000A                for (var i = 0; i < edges.length; i++) {\r\u000A                    if (patroon.test(edges[i].childNodes[1].textContent)){\r\u000A                    edges[i].classList.remove(\"edge-highlight\");\r\u000A                    edges[i].classList.remove(\"text-highlight-edges\");\r\u000A                    } \r\u000A                }\r\u000A            }\r\u000A            else {\r\u000A                this.classList.add(\"node-highlight\");\r\u000A                this.classList.add(\"text-highlight-nodes\");\r\u000A                var edges = document.getElementsByClassName('edge');\r\u000A                for (var i = 0; i < edges.length; i++) {\r\u000A                    if (patroon.test(edges[i].childNodes[1].textContent)){\r\u000A                        edges[i].classList.add(\"edge-highlight\");\r\u000A                        edges[i].classList.add(\"text-highlight-edges\");\r\u000A                    }  \r\u000A                }\r\u000A            }\r\u000A        }\r\u000A    }"
      },
      {
        "row": 32,
        "hidden": false,
        "height": 409.5,
        "find": "%%[clickNode]%%",
        "replace": "    function clickNode() {\r\r\u000A        \r\r\u000A        if (nodrag) {\r\r\u000A            var patroon = new RegExp('^' + this.childNodes[1].textContent + '->|->' +this.childNodes[1].textContent + '$')\r\r\u000A        \r\r\u000A            if (this.classList.contains(\"node-highlight\")){\r\r\u000A                this.classList.remove(\"node-highlight\");\r\r\u000A                this.classList.remove(\"text-highlight-nodes\");\r\r\u000A                var edges = document.getElementsByClassName('edge');\r\r\u000A                for (var i = 0; i < edges.length; i++) {\r\r\u000A                    if (patroon.test(edges[i].childNodes[1].textContent)){\r\r\u000A                    edges[i].classList.remove(\"edge-highlight\");\r\r\u000A                    edges[i].classList.remove(\"text-highlight-edges\");\r\r\u000A                    } \r\r\u000A                }\r\r\u000A            }\r\r\u000A            else {\r\r\u000A                this.classList.add(\"node-highlight\");\r\r\u000A                this.classList.add(\"text-highlight-nodes\");\r\r\u000A                var edges = document.getElementsByClassName('edge');\r\r\u000A                for (var i = 0; i < edges.length; i++) {\r\r\u000A                    if (patroon.test(edges[i].childNodes[1].textContent)){\r\r\u000A                        edges[i].classList.add(\"edge-highlight\");\r\r\u000A                        edges[i].classList.add(\"text-highlight-edges\");\r\r\u000A                    }  \r\r\u000A                }\r\r\u000A            }\r\r\u000A        }\r\r\u000A    }"
      }
    ]
  },
  "settings": {
    "data": {
      "graphToWorksheet": {
        "runMode": "manual",
        "imageType": "png",
        "imageWorksheet": "data",
        "scaleImage": 100
      },
      "graphToFile": {
        "directory": "C:\\rv\\v6.0.00\\Relationship Visualizer\\samples\\08 - Add Your Own Extensions - Hello World",
        "fileNamePrefix": "Graph",
        "imageType": "pdf",
        "appendOptions": false,
        "appendTimeStamp": false
      },
      "layout": {
        "engine": "dot",
        "direction": "top to bottom",
        "rankdir": "TB",
        "splines": "spline"
      },
      "options": {
        "graph": {
          "center": false,
          "clusterRank": "",
          "compound": false,
          "dim": "",
          "dimen": "",
          "forceLabels": false,
          "graphType": "directed",
          "mode": "",
          "model": "",
          "newrank": false,
          "ordering": "",
          "orientation": false,
          "outputOrder": "",
          "overlap": "",
          "smoothing": "",
          "transparentBackground": false
        },
        "nodes": {
          "includeOrphanNodes": true,
          "includeNodeLabels": true,
          "includeNodeXLabels": true,
          "blankNodeLabels": "default"
        },
        "edges": {
          "addStrict": true,
          "concentrate": false,
          "includeOrphanEdges": true,
          "includeEdgeHeadLabels": true,
          "includeEdgeLabels": true,
          "includeEdgeXLabels": true,
          "includeEdgeTailLabels": true,
          "includeEdgePorts": true,
          "blankEdgeLabels": "blank"
        }
      },
      "styles": {
        "selectedViewColumn": "E",
        "includeStyleFormat": true,
        "includeExtraAttributes": true,
        "suffixOpen": "Begin",
        "suffixClose": "End"
      },
      "debug": {
        "debug": "off",
        "fileDisposition": "delete"
      },
      "columns": {
        "flag": "show",
        "item": "show",
        "label": "show",
        "outsideLabel": "hide",
        "tailLabel": "hide",
        "headLabel": "hide",
        "relatedItem": "show",
        "styleName": "show",
        "extraAttributes": "hide",
        "message": "hide"
      },
      "language": {
        "language": "locale_en-US"
      }
    },
    "graph": {
      "zoom": 100
    },
    "settings": {
      "additionalGraphOptions": "",
      "maxSeconds": 60,
      "pictureName": "",
      "additionalCmdParameters": ""
    },
    "source": {
      "indent": 4,
      "buttons": [
        {
          "id": "SourceWeb1",
          "buttonText": "Graphviz Fiddle",
          "url": "http://stamm-wilbrandt.de/GraphvizFiddle/",
          "screenTip": "On-line code editor for Graphviz",
          "superTip": "GraphvizFiddle draws DOT language [directed] graphs. It is a dual-view Graphviz editor and playground for Graphviz written by Hermann Stamm-Wilbrandt.",
          "visible": "show"
        },
        {
          "id": "SourceWeb2",
          "buttonText": "Pocket Reference",
          "url": "http://graphs.grevian.org/graph",
          "screenTip": "On-line code editor for Graphviz",
          "superTip": "An on-line code editor for Graphviz written by Josh Hayes-Sheen for Computer Science students.",
          "visible": "show"
        },
        {
          "id": "SourceWeb3",
          "buttonText": "Graphviz Online",
          "url": "http://dreampuf.github.io/GraphvizOnline/",
          "screenTip": "On-line code editor for Graphviz",
          "superTip": "Online Graphviz editor with syntax higlighting.",
          "visible": "show"
        },
        {
          "id": "SourceWeb4",
          "visible": "hide"
        },
        {
          "id": "SourceWeb5",
          "visible": "hide"
        },
        {
          "id": "SourceWeb6",
          "visible": "hide"
        }
      ]
    },
    "sql": {
      "cluster": "cluster",
      "clusterStyleName": "cluster style name",
      "clusterAttributes": "cluster attributes",
      "clusterTooltip": "cluster tooltip",
      "clusterPlaceholder": "%clc%",
      "subcluster": "subcluster",
      "subclusterStyleName": "subcluster style name",
      "subclusterAttributes": "subcluster attributes",
      "subclusterTooltip": "subcluster tooltip",
      "subclusterPlaceholder": "%scc%",
      "recordsetPlaceholder": "%rsc%",
      "splitLength": "SPLIT LENGTH",
      "lineEnding": "LINE ENDING",
      "filterColumn": "E",
      "filterValue": "EXAMPLE 01"
    },
    "extensions": {
      "tabName": "Extensions",
      "customCode": {
        "groupName": "Custom Code",
        "buttons": [
          {
            "id": "ExtCode1",
            "buttonText": "Hello World!",
            "subroutine": "HelloWorldMessageBox",
            "screenTip": "Hello World! Message Box",
            "superTip": "Displays the phrase \"Hello World!\" in a Message Box",
            "visible": "show"
          },
          {
            "id": "ExtCode2",
            "visible": "hide"
          },
          {
            "id": "ExtCode3",
            "visible": "hide"
          },
          {
            "id": "ExtCode4",
            "visible": "hide"
          },
          {
            "id": "ExtCode5",
            "visible": "hide"
          },
          {
            "id": "ExtCode6",
            "visible": "hide"
          }
        ]
      },
      "webResources": {
        "groupName": "Web Resources",
        "buttons": [
          {
            "id": "ExtWeb1",
            "visible": "hide"
          },
          {
            "id": "ExtWeb2",
            "visible": "hide"
          },
          {
            "id": "ExtWeb3",
            "visible": "hide"
          },
          {
            "id": "ExtWeb4",
            "visible": "hide"
          },
          {
            "id": "ExtWeb5",
            "visible": "hide"
          },
          {
            "id": "ExtWeb6",
            "visible": "hide"
          }
        ]
      }
    }
  },
  "layouts": {
    "data": {
      "rows": [
        {
          "id": "heading",
          "row": 1,
          "height": 15,
          "hidden": false
        },
        {
          "id": "first",
          "row": 2,
          "height": 15,
          "hidden": false
        }
      ],
      "columns": [
        {
          "id": "flag",
          "column": 1,
          "heading": "",
          "width": 1.86,
          "hidden": false,
          "wrapText": false
        },
        {
          "id": "item",
          "column": 2,
          "heading": "Item",
          "width": 27,
          "hidden": false,
          "wrapText": false
        },
        {
          "id": "label",
          "column": 4,
          "heading": "Label",
          "width": 27,
          "hidden": false,
          "wrapText": true
        },
        {
          "id": "outsideLabel",
          "column": 5,
          "heading": "Outside Label",
          "width": 0,
          "hidden": true,
          "wrapText": true
        },
        {
          "id": "tailLabel",
          "column": 3,
          "heading": "Tail Label",
          "width": 0,
          "hidden": true,
          "wrapText": true
        },
        {
          "id": "headLabel",
          "column": 6,
          "heading": "Head Label",
          "width": 0,
          "hidden": true,
          "wrapText": true
        },
        {
          "id": "tooltip",
          "column": 7,
          "heading": "Tooltip",
          "width": 0,
          "hidden": true,
          "wrapText": true
        },
        {
          "id": "relatedItem",
          "column": 8,
          "heading": "Is Related To Item",
          "width": 27,
          "hidden": false,
          "wrapText": true
        },
        {
          "id": "styleName",
          "column": 9,
          "heading": "Style Name",
          "width": 27,
          "hidden": false,
          "wrapText": true
        },
        {
          "id": "extraAttributes",
          "column": 10,
          "heading": "Extra Attributes",
          "width": 0,
          "hidden": true,
          "wrapText": true
        },
        {
          "id": "message",
          "column": 11,
          "heading": "Messages",
          "width": 0,
          "hidden": true,
          "wrapText": false
        },
        {
          "id": "graphDisplayColumn",
          "column": 12,
          "heading": "",
          "width": 8.43,
          "hidden": false,
          "wrapText": true
        }
      ]
    },
    "styles": {
      "rows": [
        {
          "id": "heading",
          "row": 1,
          "height": 48,
          "hidden": false
        },
        {
          "id": "first",
          "row": 2,
          "height": 15,
          "hidden": false
        }
      ],
      "columns": [
        {
          "id": "flag",
          "column": 1,
          "heading": "",
          "width": 1.86,
          "hidden": false,
          "wrapText": true
        },
        {
          "id": "name",
          "column": 2,
          "heading": "Style Name",
          "width": 21,
          "hidden": false,
          "wrapText": true
        },
        {
          "id": "format",
          "column": 3,
          "heading": "Format",
          "width": 50.86,
          "hidden": false,
          "wrapText": true
        },
        {
          "id": "type",
          "column": 4,
          "heading": "Style Type",
          "width": 16.57,
          "hidden": false,
          "wrapText": null
        },
        {
          "id": "view0",
          "column": 5,
          "heading": "All Styles",
          "width": 7.29,
          "hidden": false,
          "wrapText": null
        },
        {
          "id": "view1",
          "column": 6,
          "heading": "No Clusters",
          "width": 7.29,
          "hidden": false,
          "wrapText": null
        },
        {
          "id": "view2",
          "column": 7,
          "heading": "No Edges",
          "width": 7.43,
          "hidden": false,
          "wrapText": null
        }
      ],
      "ranges": [
        {
        }
      ]
    },
    "sql": {
      "rows": [
        {
          "id": "heading",
          "row": 1,
          "height": 12.75,
          "hidden": false
        },
        {
          "id": "first",
          "row": 2,
          "height": 15,
          "hidden": false
        }
      ],
      "columns": [
        {
          "id": "flag",
          "column": 1,
          "heading": "",
          "width": 1.86,
          "hidden": false,
          "wrapText": false
        },
        {
          "id": "sqlStatement",
          "column": 2,
          "heading": "SQL SELECT Statement",
          "width": 55,
          "hidden": false,
          "wrapText": false
        },
        {
          "id": "excelFile",
          "column": 3,
          "heading": "Excel data file (.xlsx, .xlsm, .xlsb, or .xls only)",
          "width": 34.86,
          "hidden": false,
          "wrapText": true
        },
        {
          "id": "status",
          "column": 4,
          "heading": "Status",
          "width": 21.43,
          "hidden": false,
          "wrapText": true
        }
      ]
    },
    "svg": {
      "rows": [
        {
          "id": "heading",
          "row": 1,
          "height": 12.75,
          "hidden": false
        },
        {
          "id": "first",
          "row": 2,
          "height": 12.75,
          "hidden": false
        }
      ],
      "columns": [
        {
          "id": "flag",
          "column": 1,
          "heading": "",
          "width": 1.71,
          "hidden": false,
          "wrapText": false
        },
        {
          "id": "find",
          "column": 2,
          "heading": "Find",
          "width": 52.43,
          "hidden": false,
          "wrapText": false
        },
        {
          "id": "replace",
          "column": 3,
          "heading": "Replace",
          "width": 177.14,
          "hidden": false,
          "wrapText": null
        }
      ]
    },
    "source": {
      "rows": [
        {
          "id": "heading",
          "row": 1,
          "height": 15,
          "hidden": false
        },
        {
          "id": "first",
          "row": 2,
          "height": 15,
          "hidden": false
        }
      ],
      "columns": [
        {
          "id": "lineNumber",
          "column": 1,
          "heading": "Line",
          "width": 6.57,
          "hidden": false,
          "wrapText": false
        },
        {
          "id": "source",
          "column": 2,
          "heading": "Graphviz Source",
          "width": 168,
          "hidden": false,
          "wrapText": true
        }
      ]
    }
  }
}